{
  "type": "FeatureCollection",
  "crs": {
    "type": "name",
    "properties": {
      "name": "EPSG:4326"
    }
  },
  "features": [
    {
      "type": "Feature",
      "geometry": {
        "coordinates": [
          1.456457,
          47.542276
        ],
        "type": "Point"
      },
      "properties": {
        "Caisse": "411",
        "Commune": "MONT PRES CHAMBORD",
        "Adresse": "RTE DE VILLESAVIN",
        "_qgis_class_val": "default",
        "_qgis_style": {
          "color": "#232323",
          "fillColor": "#e8718d",
          "weight": 1.0,
          "opacity": 1.0,
          "fillOpacity": 0.6,
          "radius": 10.962,
          "dashArray": null
        }
      }
    },
    {
      "type": "Feature",
      "geometry": {
        "coordinates": [
          1.45278,
          47.562668
        ],
        "type": "Point"
      },
      "properties": {
        "Caisse": "411",
        "Commune": "MONT PRES CHAMBORD",
        "Adresse": "PL DE L EGLISE",
        "_qgis_class_val": "default",
        "_qgis_style": {
          "color": "#232323",
          "fillColor": "#e8718d",
          "weight": 1.0,
          "opacity": 1.0,
          "fillOpacity": 0.6,
          "radius": 10.962,
          "dashArray": null
        }
      }
    },
    {
      "type": "Feature",
      "geometry": {
        "coordinates": [
          1.72231,
          47.352383
        ],
        "type": "Point"
      },
      "properties": {
        "Caisse": "411",
        "Commune": "PRUNIERS EN SOLOGNE",
        "Adresse": "CHE DE LONGUEVILLE",
        "_qgis_class_val": "default",
        "_qgis_style": {
          "color": "#232323",
          "fillColor": "#e8718d",
          "weight": 1.0,
          "opacity": 1.0,
          "fillOpacity": 0.6,
          "radius": 10.962,
          "dashArray": null
        }
      }
    },
    {
      "type": "Feature",
      "geometry": {
        "coordinates": [
          1.769051,
          47.30121
        ],
        "type": "Point"
      },
      "properties": {
        "Caisse": "411",
        "Commune": "VILLEFRANCHE SUR CHER",
        "Adresse": "RUE DES MANCEAUX",
        "_qgis_class_val": "default",
        "_qgis_style": {
          "color": "#232323",
          "fillColor": "#e8718d",
          "weight": 1.0,
          "opacity": 1.0,
          "fillOpacity": 0.6,
          "radius": 10.962,
          "dashArray": null
        }
      }
    },
    {
      "type": "Feature",
      "geometry": {
        "coordinates": [
          2.125462,
          48.071191
        ],
        "type": "Point"
      },
      "properties": {
        "Caisse": "451",
        "Commune": "CHILLEURS AUX BOIS",
        "Adresse": "IMP DU GRAND ORME",
        "_qgis_class_val": "default",
        "_qgis_style": {
          "color": "#232323",
          "fillColor": "#e8718d",
          "weight": 1.0,
          "opacity": 1.0,
          "fillOpacity": 0.6,
          "radius": 10.962,
          "dashArray": null
        }
      }
    },
    {
      "type": "Feature",
      "geometry": {
        "coordinates": [
          1.746974,
          47.347698
        ],
        "type": "Point"
      },
      "properties": {
        "Caisse": "411",
        "Commune": "ROMORANTIN LANTHENAY",
        "Adresse": "AVE DE VILLEFRANCHE",
        "_qgis_class_val": "default",
        "_qgis_style": {
          "color": "#232323",
          "fillColor": "#e8718d",
          "weight": 1.0,
          "opacity": 1.0,
          "fillOpacity": 0.6,
          "radius": 10.962,
          "dashArray": null
        }
      }
    },
    {
      "type": "Feature",
      "geometry": {
        "coordinates": [
          1.739351,
          47.363956
        ],
        "type": "Point"
      },
      "properties": {
        "Caisse": "411",
        "Commune": "ROMORANTIN LANTHENAY",
        "Adresse": "BVD MARECHAL LYAUTEY",
        "_qgis_class_val": "default",
        "_qgis_style": {
          "color": "#232323",
          "fillColor": "#e8718d",
          "weight": 1.0,
          "opacity": 1.0,
          "fillOpacity": 0.6,
          "radius": 10.962,
          "dashArray": null
        }
      }
    },
    {
      "type": "Feature",
      "geometry": {
        "coordinates": [
          1.740212,
          47.339027
        ],
        "type": "Point"
      },
      "properties": {
        "Caisse": "411",
        "Commune": "ROMORANTIN LANTHENAY",
        "Adresse": "RUE DE LA RICHAUDIERE",
        "_qgis_class_val": "default",
        "_qgis_style": {
          "color": "#232323",
          "fillColor": "#e8718d",
          "weight": 1.0,
          "opacity": 1.0,
          "fillOpacity": 0.6,
          "radius": 10.962,
          "dashArray": null
        }
      }
    },
    {
      "type": "Feature",
      "geometry": {
        "coordinates": [
          2.832366,
          48.123535
        ],
        "type": "Point"
      },
      "properties": {
        "Caisse": "451",
        "Commune": "FERRIERES EN GATINAIS",
        "Adresse": "LES BOIS DE FERRIERES",
        "_qgis_class_val": "default",
        "_qgis_style": {
          "color": "#232323",
          "fillColor": "#e8718d",
          "weight": 1.0,
          "opacity": 1.0,
          "fillOpacity": 0.6,
          "radius": 10.962,
          "dashArray": null
        }
      }
    },
    {
      "type": "Feature",
      "geometry": {
        "coordinates": [
          1.310566,
          47.580494
        ],
        "type": "Point"
      },
      "properties": {
        "Caisse": "411",
        "Commune": "BLOIS",
        "Adresse": "RUE DE CABOCHON",
        "_qgis_class_val": "default",
        "_qgis_style": {
          "color": "#232323",
          "fillColor": "#e8718d",
          "weight": 1.0,
          "opacity": 1.0,
          "fillOpacity": 0.6,
          "radius": 10.962,
          "dashArray": null
        }
      }
    },
    {
      "type": "Feature",
      "geometry": {
        "coordinates": [
          1.341659,
          47.596204
        ],
        "type": "Point"
      },
      "properties": {
        "Caisse": "411",
        "Commune": "BLOIS",
        "Adresse": "AV DU MARECHAL MAUNOURY",
        "_qgis_class_val": "default",
        "_qgis_style": {
          "color": "#232323",
          "fillColor": "#e8718d",
          "weight": 1.0,
          "opacity": 1.0,
          "fillOpacity": 0.6,
          "radius": 10.962,
          "dashArray": null
        }
      }
    },
    {
      "type": "Feature",
      "geometry": {
        "coordinates": [
          1.69795,
          46.835505
        ],
        "type": "Point"
      },
      "properties": {
        "Caisse": "361",
        "Commune": "DEOLS",
        "Adresse": "CHE DES CHAMPS DE BOUILLON",
        "_qgis_class_val": "default",
        "_qgis_style": {
          "color": "#232323",
          "fillColor": "#e8718d",
          "weight": 1.0,
          "opacity": 1.0,
          "fillOpacity": 0.6,
          "radius": 10.962,
          "dashArray": null
        }
      }
    },
    {
      "type": "Feature",
      "geometry": {
        "coordinates": [
          2.529772,
          48.005805
        ],
        "type": "Point"
      },
      "properties": {
        "Caisse": "451",
        "Commune": "LADON",
        "Adresse": "CHE DE LA SABLONNIERE",
        "_qgis_class_val": "default",
        "_qgis_style": {
          "color": "#232323",
          "fillColor": "#e8718d",
          "weight": 1.0,
          "opacity": 1.0,
          "fillOpacity": 0.6,
          "radius": 10.962,
          "dashArray": null
        }
      }
    },
    {
      "type": "Feature",
      "geometry": {
        "coordinates": [
          1.868228,
          47.94944
        ],
        "type": "Point"
      },
      "properties": {
        "Caisse": "411",
        "Commune": "SARAN",
        "Adresse": "CHE DES SABLONS",
        "_qgis_class_val": "default",
        "_qgis_style": {
          "color": "#232323",
          "fillColor": "#e8718d",
          "weight": 1.0,
          "opacity": 1.0,
          "fillOpacity": 0.6,
          "radius": 10.962,
          "dashArray": null
        }
      }
    },
    {
      "type": "Feature",
      "geometry": {
        "coordinates": [
          1.878176,
          47.959021
        ],
        "type": "Point"
      },
      "properties": {
        "Caisse": "451",
        "Commune": "SARAN",
        "Adresse": "RUE FRANCOISE DOLTO",
        "_qgis_class_val": "default",
        "_qgis_style": {
          "color": "#232323",
          "fillColor": "#e8718d",
          "weight": 1.0,
          "opacity": 1.0,
          "fillOpacity": 0.6,
          "radius": 10.962,
          "dashArray": null
        }
      }
    },
    {
      "type": "Feature",
      "geometry": {
        "coordinates": [
          1.94521,
          47.926156
        ],
        "type": "Point"
      },
      "properties": {
        "Caisse": "451",
        "Commune": "SEMOY",
        "Adresse": "RUE DU CHAMP DE PIE",
        "_qgis_class_val": "default",
        "_qgis_style": {
          "color": "#232323",
          "fillColor": "#e8718d",
          "weight": 1.0,
          "opacity": 1.0,
          "fillOpacity": 0.6,
          "radius": 10.962,
          "dashArray": null
        }
      }
    },
    {
      "type": "Feature",
      "geometry": {
        "coordinates": [
          0.693106,
          47.41378
        ],
        "type": "Point"
      },
      "properties": {
        "Caisse": "371",
        "Commune": "TOURS",
        "Adresse": "AVE DU GENERAL ESTIENNE",
        "_qgis_class_val": "default",
        "_qgis_style": {
          "color": "#232323",
          "fillColor": "#e8718d",
          "weight": 1.0,
          "opacity": 1.0,
          "fillOpacity": 0.6,
          "radius": 10.962,
          "dashArray": null
        }
      }
    },
    {
      "type": "Feature",
      "geometry": {
        "coordinates": [
          1.524208,
          47.116657
        ],
        "type": "Point"
      },
      "properties": {
        "Caisse": "361",
        "Commune": "VEUIL",
        "Adresse": "LA CROIX CASSAN",
        "_qgis_class_val": "default",
        "_qgis_style": {
          "color": "#232323",
          "fillColor": "#e8718d",
          "weight": 1.0,
          "opacity": 1.0,
          "fillOpacity": 0.6,
          "radius": 10.962,
          "dashArray": null
        }
      }
    },
    {
      "type": "Feature",
      "geometry": {
        "coordinates": [
          1.697257,
          46.819512
        ],
        "type": "Point"
      },
      "properties": {
        "Caisse": "361",
        "Commune": "BP 145",
        "Adresse": "AVE MARCEL LEMOINE",
        "_qgis_class_val": "default",
        "_qgis_style": {
          "color": "#232323",
          "fillColor": "#e8718d",
          "weight": 1.0,
          "opacity": 1.0,
          "fillOpacity": 0.6,
          "radius": 10.962,
          "dashArray": null
        }
      }
    },
    {
      "type": "Feature",
      "geometry": {
        "coordinates": [
          0.836321,
          47.268773
        ],
        "type": "Point"
      },
      "properties": {
        "Caisse": "371",
        "Commune": "CORMERY",
        "Adresse": "RUE DE L ABBAYE",
        "_qgis_class_val": "default",
        "_qgis_style": {
          "color": "#232323",
          "fillColor": "#e8718d",
          "weight": 1.0,
          "opacity": 1.0,
          "fillOpacity": 0.6,
          "radius": 10.962,
          "dashArray": null
        }
      }
    },
    {
      "type": "Feature",
      "geometry": {
        "coordinates": [
          1.900678,
          47.916354
        ],
        "type": "Point"
      },
      "properties": {
        "Caisse": "451",
        "Commune": "ORLEANS",
        "Adresse": "PAS DE LA RAPE",
        "_qgis_class_val": "default",
        "_qgis_style": {
          "color": "#232323",
          "fillColor": "#e8718d",
          "weight": 1.0,
          "opacity": 1.0,
          "fillOpacity": 0.6,
          "radius": 10.962,
          "dashArray": null
        }
      }
    },
    {
      "type": "Feature",
      "geometry": {
        "coordinates": [
          1.914389,
          47.848241
        ],
        "type": "Point"
      },
      "properties": {
        "Caisse": "451",
        "Commune": "CS 10042",
        "Adresse": "RUE DE LA BERGERESSE",
        "_qgis_class_val": "default",
        "_qgis_style": {
          "color": "#232323",
          "fillColor": "#e8718d",
          "weight": 1.0,
          "opacity": 1.0,
          "fillOpacity": 0.6,
          "radius": 10.962,
          "dashArray": null
        }
      }
    },
    {
      "type": "Feature",
      "geometry": {
        "coordinates": [
          1.518221,
          48.436777
        ],
        "type": "Point"
      },
      "properties": {
        "Caisse": "281",
        "Commune": "CS 20011",
        "Adresse": "RUE CHARLES DE COULOMB",
        "_qgis_class_val": "default",
        "_qgis_style": {
          "color": "#232323",
          "fillColor": "#e8718d",
          "weight": 1.0,
          "opacity": 1.0,
          "fillOpacity": 0.6,
          "radius": 10.962,
          "dashArray": null
        }
      }
    },
    {
      "type": "Feature",
      "geometry": {
        "coordinates": [
          1.929733,
          47.911705
        ],
        "type": "Point"
      },
      "properties": {
        "Caisse": "451",
        "Commune": "CS 75719",
        "Adresse": "RUE JEAN PHILIPPE RAMEAU",
        "_qgis_class_val": "default",
        "_qgis_style": {
          "color": "#232323",
          "fillColor": "#e8718d",
          "weight": 1.0,
          "opacity": 1.0,
          "fillOpacity": 0.6,
          "radius": 10.962,
          "dashArray": null
        }
      }
    },
    {
      "type": "Feature",
      "geometry": {
        "coordinates": [
          2.008372,
          46.941937
        ],
        "type": "Point"
      },
      "properties": {
        "Caisse": "361",
        "Commune": "ISSOUDUN",
        "Adresse": "AVE ALSACE LORRAINE",
        "_qgis_class_val": "default",
        "_qgis_style": {
          "color": "#232323",
          "fillColor": "#e8718d",
          "weight": 1.0,
          "opacity": 1.0,
          "fillOpacity": 0.6,
          "radius": 10.962,
          "dashArray": null
        }
      }
    },
    {
      "type": "Feature",
      "geometry": {
        "coordinates": [
          0.661619,
          47.388367
        ],
        "type": "Point"
      },
      "properties": {
        "Caisse": "371",
        "Commune": "LA RICHE",
        "Adresse": "RUE JACQUES PREVERT",
        "_qgis_class_val": "default",
        "_qgis_style": {
          "color": "#232323",
          "fillColor": "#e8718d",
          "weight": 1.0,
          "opacity": 1.0,
          "fillOpacity": 0.6,
          "radius": 10.962,
          "dashArray": null
        }
      }
    },
    {
      "type": "Feature",
      "geometry": {
        "coordinates": [
          0.755702,
          47.825539
        ],
        "type": "Point"
      },
      "properties": {
        "Caisse": "411",
        "Commune": "BONNEVEAU",
        "Adresse": "LE GOULET",
        "_qgis_class_val": "default",
        "_qgis_style": {
          "color": "#232323",
          "fillColor": "#e8718d",
          "weight": 1.0,
          "opacity": 1.0,
          "fillOpacity": 0.6,
          "radius": 10.962,
          "dashArray": null
        }
      }
    },
    {
      "type": "Feature",
      "geometry": {
        "coordinates": [
          1.70269,
          46.811828
        ],
        "type": "Point"
      },
      "properties": {
        "Caisse": "361",
        "Commune": "CHATEAUROUX",
        "Adresse": "RUE DE MOUSSEAUX",
        "_qgis_class_val": "default",
        "_qgis_style": {
          "color": "#232323",
          "fillColor": "#e8718d",
          "weight": 1.0,
          "opacity": 1.0,
          "fillOpacity": 0.6,
          "radius": 10.962,
          "dashArray": null
        }
      }
    },
    {
      "type": "Feature",
      "geometry": {
        "coordinates": [
          1.675942,
          46.809596
        ],
        "type": "Point"
      },
      "properties": {
        "Caisse": "361",
        "Commune": "CHATEAUROUX",
        "Adresse": "BVD DE LA VALLA",
        "_qgis_class_val": "default",
        "_qgis_style": {
          "color": "#232323",
          "fillColor": "#e8718d",
          "weight": 1.0,
          "opacity": 1.0,
          "fillOpacity": 0.6,
          "radius": 10.962,
          "dashArray": null
        }
      }
    },
    {
      "type": "Feature",
      "geometry": {
        "coordinates": [
          0.90168,
          47.97955
        ],
        "type": "Point"
      },
      "properties": {
        "Caisse": "411",
        "Commune": "MONDOUBLEAU",
        "Adresse": "ALL RONSARD",
        "_qgis_class_val": "default",
        "_qgis_style": {
          "color": "#232323",
          "fillColor": "#e8718d",
          "weight": 1.0,
          "opacity": 1.0,
          "fillOpacity": 0.6,
          "radius": 10.962,
          "dashArray": null
        }
      }
    },
    {
      "type": "Feature",
      "geometry": {
        "coordinates": [
          1.556966,
          46.693792
        ],
        "type": "Point"
      },
      "properties": {
        "Caisse": "361",
        "Commune": "LA PEROUILLE",
        "Adresse": "RUE DU CARROIR",
        "_qgis_class_val": "default",
        "_qgis_style": {
          "color": "#232323",
          "fillColor": "#e8718d",
          "weight": 1.0,
          "opacity": 1.0,
          "fillOpacity": 0.6,
          "radius": 10.962,
          "dashArray": null
        }
      }
    },
    {
      "type": "Feature",
      "geometry": {
        "coordinates": [
          1.435458,
          47.136026
        ],
        "type": "Point"
      },
      "properties": {
        "Caisse": "361",
        "Commune": "LUCAY LE MALE",
        "Adresse": "LOT BEL AIR",
        "_qgis_class_val": "default",
        "_qgis_style": {
          "color": "#232323",
          "fillColor": "#e8718d",
          "weight": 1.0,
          "opacity": 1.0,
          "fillOpacity": 0.6,
          "radius": 10.962,
          "dashArray": null
        }
      }
    },
    {
      "type": "Feature",
      "geometry": {
        "coordinates": [
          0.896864,
          47.359244
        ],
        "type": "Point"
      },
      "properties": {
        "Caisse": "371",
        "Commune": "ST MARTIN LE BEAU",
        "Adresse": "RUE DE FLANDRES DUNKERQUE",
        "_qgis_class_val": "default",
        "_qgis_style": {
          "color": "#232323",
          "fillColor": "#e8718d",
          "weight": 1.0,
          "opacity": 1.0,
          "fillOpacity": 0.6,
          "radius": 10.962,
          "dashArray": null
        }
      }
    },
    {
      "type": "Feature",
      "geometry": {
        "coordinates": [
          0.68474,
          47.340193
        ],
        "type": "Point"
      },
      "properties": {
        "Caisse": "371",
        "Commune": "CHAMBRAY LES TOURS",
        "Adresse": "RUE ALAIN BOMBARD",
        "_qgis_class_val": "default",
        "_qgis_style": {
          "color": "#232323",
          "fillColor": "#e8718d",
          "weight": 1.0,
          "opacity": 1.0,
          "fillOpacity": 0.6,
          "radius": 10.962,
          "dashArray": null
        }
      }
    },
    {
      "type": "Feature",
      "geometry": {
        "coordinates": [
          1.921941,
          47.926944
        ],
        "type": "Point"
      },
      "properties": {
        "Caisse": "451",
        "Commune": "FLEURY LES AUBRAIS",
        "Adresse": "RUE ALBERT CAMUS",
        "_qgis_class_val": "default",
        "_qgis_style": {
          "color": "#232323",
          "fillColor": "#e8718d",
          "weight": 1.0,
          "opacity": 1.0,
          "fillOpacity": 0.6,
          "radius": 10.962,
          "dashArray": null
        }
      }
    },
    {
      "type": "Feature",
      "geometry": {
        "coordinates": [
          1.909059,
          47.934839
        ],
        "type": "Point"
      },
      "properties": {
        "Caisse": "451",
        "Commune": "FLEURY LES AUBRAIS",
        "Adresse": "RUE JEAN JAURES",
        "_qgis_class_val": "default",
        "_qgis_style": {
          "color": "#232323",
          "fillColor": "#e8718d",
          "weight": 1.0,
          "opacity": 1.0,
          "fillOpacity": 0.6,
          "radius": 10.962,
          "dashArray": null
        }
      }
    },
    {
      "type": "Feature",
      "geometry": {
        "coordinates": [
          1.08011,
          47.914829
        ],
        "type": "Point"
      },
      "properties": {
        "Caisse": "411",
        "Commune": "LA VILLE AUX CLERCS",
        "Adresse": "RUE DE LA TUTINIERE",
        "_qgis_class_val": "default",
        "_qgis_style": {
          "color": "#232323",
          "fillColor": "#e8718d",
          "weight": 1.0,
          "opacity": 1.0,
          "fillOpacity": 0.6,
          "radius": 10.962,
          "dashArray": null
        }
      }
    },
    {
      "type": "Feature",
      "geometry": {
        "coordinates": [
          1.865321,
          47.902715
        ],
        "type": "Point"
      },
      "properties": {
        "Caisse": "451",
        "Commune": "ST JEAN DE LA RUELLE",
        "Adresse": "RUE DE LA CIRERIE",
        "_qgis_class_val": "default",
        "_qgis_style": {
          "color": "#232323",
          "fillColor": "#e8718d",
          "weight": 1.0,
          "opacity": 1.0,
          "fillOpacity": 0.6,
          "radius": 10.962,
          "dashArray": null
        }
      }
    },
    {
      "type": "Feature",
      "geometry": {
        "coordinates": [
          2.463835,
          47.186589
        ],
        "type": "Point"
      },
      "properties": {
        "Caisse": "181",
        "Commune": "VIGNOUX SOUS LES AIX",
        "Adresse": "PL DE L EGLISE",
        "_qgis_class_val": "default",
        "_qgis_style": {
          "color": "#232323",
          "fillColor": "#e8718d",
          "weight": 1.0,
          "opacity": 1.0,
          "fillOpacity": 0.6,
          "radius": 10.962,
          "dashArray": null
        }
      }
    },
    {
      "type": "Feature",
      "geometry": {
        "coordinates": [
          1.770259,
          47.293661
        ],
        "type": "Point"
      },
      "properties": {
        "Caisse": "411",
        "Commune": "VILLEFRANCHE SUR CHER",
        "Adresse": "RUE MARCEL RENAUD",
        "_qgis_class_val": "default",
        "_qgis_style": {
          "color": "#232323",
          "fillColor": "#e8718d",
          "weight": 1.0,
          "opacity": 1.0,
          "fillOpacity": 0.6,
          "radius": 10.962,
          "dashArray": null
        }
      }
    },
    {
      "type": "Feature",
      "geometry": {
        "coordinates": [
          1.334638,
          47.58864
        ],
        "type": "Point"
      },
      "properties": {
        "Caisse": "411",
        "Commune": "BLOIS",
        "Adresse": "RUE ANATOLE FRANCE",
        "_qgis_class_val": "default",
        "_qgis_style": {
          "color": "#232323",
          "fillColor": "#e8718d",
          "weight": 1.0,
          "opacity": 1.0,
          "fillOpacity": 0.6,
          "radius": 10.962,
          "dashArray": null
        }
      }
    },
    {
      "type": "Feature",
      "geometry": {
        "coordinates": [
          2.033824,
          47.892697
        ],
        "type": "Point"
      },
      "properties": {
        "Caisse": "451",
        "Commune": "CHECY",
        "Adresse": "RUE DE LA HERPINIERE",
        "_qgis_class_val": "default",
        "_qgis_style": {
          "color": "#232323",
          "fillColor": "#e8718d",
          "weight": 1.0,
          "opacity": 1.0,
          "fillOpacity": 0.6,
          "radius": 10.962,
          "dashArray": null
        }
      }
    },
    {
      "type": "Feature",
      "geometry": {
        "coordinates": [
          1.385435,
          47.264687
        ],
        "type": "Point"
      },
      "properties": {
        "Caisse": "411",
        "Commune": "SEIGY",
        "Adresse": "SEN DES COCHARDS",
        "_qgis_class_val": "default",
        "_qgis_style": {
          "color": "#232323",
          "fillColor": "#e8718d",
          "weight": 1.0,
          "opacity": 1.0,
          "fillOpacity": 0.6,
          "radius": 10.962,
          "dashArray": null
        }
      }
    },
    {
      "type": "Feature",
      "geometry": {
        "coordinates": [
          0.683261,
          47.421157
        ],
        "type": "Point"
      },
      "properties": {
        "Caisse": "371",
        "Commune": "TOURS",
        "Adresse": "RUE DE TOURCOING",
        "_qgis_class_val": "default",
        "_qgis_style": {
          "color": "#232323",
          "fillColor": "#e8718d",
          "weight": 1.0,
          "opacity": 1.0,
          "fillOpacity": 0.6,
          "radius": 10.962,
          "dashArray": null
        }
      }
    },
    {
      "type": "Feature",
      "geometry": {
        "coordinates": [
          0.681963,
          47.389221
        ],
        "type": "Point"
      },
      "properties": {
        "Caisse": "371",
        "Commune": "TOURS",
        "Adresse": "BVD BERANGER",
        "_qgis_class_val": "default",
        "_qgis_style": {
          "color": "#232323",
          "fillColor": "#e8718d",
          "weight": 1.0,
          "opacity": 1.0,
          "fillOpacity": 0.6,
          "radius": 10.962,
          "dashArray": null
        }
      }
    },
    {
      "type": "Feature",
      "geometry": {
        "coordinates": [
          1.82197,
          47.209032
        ],
        "type": "Point"
      },
      "properties": {
        "Caisse": "361",
        "Commune": "BP 216",
        "Adresse": "DE LA VALLEE SAINT LOUIS",
        "_qgis_class_val": "default",
        "_qgis_style": {
          "color": "#232323",
          "fillColor": "#e8718d",
          "weight": 1.0,
          "opacity": 1.0,
          "fillOpacity": 0.6,
          "radius": 10.962,
          "dashArray": null
        }
      }
    },
    {
      "type": "Feature",
      "geometry": {
        "coordinates": [
          0.986858,
          47.124777
        ],
        "type": "Point"
      },
      "properties": {
        "Caisse": "371",
        "Commune": "LOCHES",
        "Adresse": "RUE DU COTILLON BLANC",
        "_qgis_class_val": "default",
        "_qgis_style": {
          "color": "#232323",
          "fillColor": "#e8718d",
          "weight": 1.0,
          "opacity": 1.0,
          "fillOpacity": 0.6,
          "radius": 10.962,
          "dashArray": null
        }
      }
    },
    {
      "type": "Feature",
      "geometry": {
        "coordinates": [
          0.975062,
          47.11338
        ],
        "type": "Point"
      },
      "properties": {
        "Caisse": "371",
        "Commune": "LOCHES",
        "Adresse": "RUE GENEVIEVE CHAUMENY",
        "_qgis_class_val": "default",
        "_qgis_style": {
          "color": "#232323",
          "fillColor": "#e8718d",
          "weight": 1.0,
          "opacity": 1.0,
          "fillOpacity": 0.6,
          "radius": 10.962,
          "dashArray": null
        }
      }
    },
    {
      "type": "Feature",
      "geometry": {
        "coordinates": [
          1.909061,
          47.855129
        ],
        "type": "Point"
      },
      "properties": {
        "Caisse": "451",
        "Commune": "OLIVET",
        "Adresse": "RUE DU DOCTEUR CHAPELET",
        "_qgis_class_val": "default",
        "_qgis_style": {
          "color": "#232323",
          "fillColor": "#e8718d",
          "weight": 1.0,
          "opacity": 1.0,
          "fillOpacity": 0.6,
          "radius": 10.962,
          "dashArray": null
        }
      }
    },
    {
      "type": "Feature",
      "geometry": {
        "coordinates": [
          2.663913,
          48.015833
        ],
        "type": "Point"
      },
      "properties": {
        "Caisse": "451",
        "Commune": "PANNES",
        "Adresse": "DE ST MAURICE SUR FESSARD",
        "_qgis_class_val": "default",
        "_qgis_style": {
          "color": "#232323",
          "fillColor": "#e8718d",
          "weight": 1.0,
          "opacity": 1.0,
          "fillOpacity": 0.6,
          "radius": 10.962,
          "dashArray": null
        }
      }
    },
    {
      "type": "Feature",
      "geometry": {
        "coordinates": [
          1.423897,
          47.411277
        ],
        "type": "Point"
      },
      "properties": {
        "Caisse": "411",
        "Commune": "CONTRES",
        "Adresse": "RTE DE SAINT AIGNAN",
        "_qgis_class_val": "default",
        "_qgis_style": {
          "color": "#232323",
          "fillColor": "#e8718d",
          "weight": 1.0,
          "opacity": 1.0,
          "fillOpacity": 0.6,
          "radius": 10.962,
          "dashArray": null
        }
      }
    },
    {
      "type": "Feature",
      "geometry": {
        "coordinates": [
          2.329508,
          48.024717
        ],
        "type": "Point"
      },
      "properties": {
        "Caisse": "451",
        "Commune": "NIBELLE",
        "Adresse": "RTE DE FLOTIN",
        "_qgis_class_val": "default",
        "_qgis_style": {
          "color": "#232323",
          "fillColor": "#e8718d",
          "weight": 1.0,
          "opacity": 1.0,
          "fillOpacity": 0.6,
          "radius": 10.962,
          "dashArray": null
        }
      }
    },
    {
      "type": "Feature",
      "geometry": {
        "coordinates": [
          1.394595,
          47.575046
        ],
        "type": "Point"
      },
      "properties": {
        "Caisse": "411",
        "Commune": "VINEUIL",
        "Adresse": "IMP DU FOUR A CHAUX",
        "_qgis_class_val": "default",
        "_qgis_style": {
          "color": "#232323",
          "fillColor": "#e8718d",
          "weight": 1.0,
          "opacity": 1.0,
          "fillOpacity": 0.6,
          "radius": 10.962,
          "dashArray": null
        }
      }
    },
    {
      "type": "Feature",
      "geometry": {
        "coordinates": [
          1.309998,
          47.529159
        ],
        "type": "Point"
      },
      "properties": {
        "Caisse": "411",
        "Commune": "CHAILLES",
        "Adresse": "RUE DES MESLIERS",
        "_qgis_class_val": "default",
        "_qgis_style": {
          "color": "#232323",
          "fillColor": "#e8718d",
          "weight": 1.0,
          "opacity": 1.0,
          "fillOpacity": 0.6,
          "radius": 10.962,
          "dashArray": null
        }
      }
    },
    {
      "type": "Feature",
      "geometry": {
        "coordinates": [
          1.914389,
          47.848241
        ],
        "type": "Point"
      },
      "properties": {
        "Caisse": "451",
        "Commune": "CS 10042",
        "Adresse": "RUE DE LA BERGERESSE",
        "_qgis_class_val": "default",
        "_qgis_style": {
          "color": "#232323",
          "fillColor": "#e8718d",
          "weight": 1.0,
          "opacity": 1.0,
          "fillOpacity": 0.6,
          "radius": 10.962,
          "dashArray": null
        }
      }
    },
    {
      "type": "Feature",
      "geometry": {
        "coordinates": [
          1.044,
          46.808246
        ],
        "type": "Point"
      },
      "properties": {
        "Caisse": "361",
        "Commune": "MARTIZAY",
        "Adresse": "RUE DE L EUROPE",
        "_qgis_class_val": "default",
        "_qgis_style": {
          "color": "#232323",
          "fillColor": "#e8718d",
          "weight": 1.0,
          "opacity": 1.0,
          "fillOpacity": 0.6,
          "radius": 10.962,
          "dashArray": null
        }
      }
    },
    {
      "type": "Feature",
      "geometry": {
        "coordinates": [
          0.572541,
          47.225381
        ],
        "type": "Point"
      },
      "properties": {
        "Caisse": "371",
        "Commune": "THILOUZE",
        "Adresse": "RUE DE LA ROSIERE",
        "_qgis_class_val": "default",
        "_qgis_style": {
          "color": "#232323",
          "fillColor": "#e8718d",
          "weight": 1.0,
          "opacity": 1.0,
          "fillOpacity": 0.6,
          "radius": 10.962,
          "dashArray": null
        }
      }
    },
    {
      "type": "Feature",
      "geometry": {
        "coordinates": [
          1.577525,
          47.159913
        ],
        "type": "Point"
      },
      "properties": {
        "Caisse": "361",
        "Commune": "VALENCAY",
        "Adresse": "RUE DES TEMPLIERS",
        "_qgis_class_val": "default",
        "_qgis_style": {
          "color": "#232323",
          "fillColor": "#e8718d",
          "weight": 1.0,
          "opacity": 1.0,
          "fillOpacity": 0.6,
          "radius": 10.962,
          "dashArray": null
        }
      }
    },
    {
      "type": "Feature",
      "geometry": {
        "coordinates": [
          2.014502,
          47.843803
        ],
        "type": "Point"
      },
      "properties": {
        "Caisse": "451",
        "Commune": "SANDILLON",
        "Adresse": "AVE DES CHATAIGNIERS",
        "_qgis_class_val": "default",
        "_qgis_style": {
          "color": "#232323",
          "fillColor": "#e8718d",
          "weight": 1.0,
          "opacity": 1.0,
          "fillOpacity": 0.6,
          "radius": 10.962,
          "dashArray": null
        }
      }
    },
    {
      "type": "Feature",
      "geometry": {
        "coordinates": [
          1.713346,
          46.794554
        ],
        "type": "Point"
      },
      "properties": {
        "Caisse": "361",
        "Commune": "CHATEAUROUX",
        "Adresse": "RUE DES INGRAINS",
        "_qgis_class_val": "default",
        "_qgis_style": {
          "color": "#232323",
          "fillColor": "#e8718d",
          "weight": 1.0,
          "opacity": 1.0,
          "fillOpacity": 0.6,
          "radius": 10.962,
          "dashArray": null
        }
      }
    },
    {
      "type": "Feature",
      "geometry": {
        "coordinates": [
          1.697954,
          46.815906
        ],
        "type": "Point"
      },
      "properties": {
        "Caisse": "361",
        "Commune": "CHATEAUROUX",
        "Adresse": "RUE PAUL ACCOLAS",
        "_qgis_class_val": "default",
        "_qgis_style": {
          "color": "#232323",
          "fillColor": "#e8718d",
          "weight": 1.0,
          "opacity": 1.0,
          "fillOpacity": 0.6,
          "radius": 10.962,
          "dashArray": null
        }
      }
    },
    {
      "type": "Feature",
      "geometry": {
        "coordinates": [
          2.918924,
          47.933648
        ],
        "type": "Point"
      },
      "properties": {
        "Caisse": "451",
        "Commune": "CHATEAU RENARD",
        "Adresse": "RUE DES TERRES BLANCHES",
        "_qgis_class_val": "default",
        "_qgis_style": {
          "color": "#232323",
          "fillColor": "#e8718d",
          "weight": 1.0,
          "opacity": 1.0,
          "fillOpacity": 0.6,
          "radius": 10.962,
          "dashArray": null
        }
      }
    },
    {
      "type": "Feature",
      "geometry": {
        "coordinates": [
          0.660072,
          47.344289
        ],
        "type": "Point"
      },
      "properties": {
        "Caisse": "371",
        "Commune": "JOUE LES TOURS",
        "Adresse": "ALL PAUL LANGEVIN",
        "_qgis_class_val": "default",
        "_qgis_style": {
          "color": "#232323",
          "fillColor": "#e8718d",
          "weight": 1.0,
          "opacity": 1.0,
          "fillOpacity": 0.6,
          "radius": 10.962,
          "dashArray": null
        }
      }
    },
    {
      "type": "Feature",
      "geometry": {
        "coordinates": [
          2.192095,
          48.10786
        ],
        "type": "Point"
      },
      "properties": {
        "Caisse": "451",
        "Commune": "MAREAU AUX BOIS",
        "Adresse": "RTE D ESCRENNES",
        "_qgis_class_val": "default",
        "_qgis_style": {
          "color": "#232323",
          "fillColor": "#e8718d",
          "weight": 1.0,
          "opacity": 1.0,
          "fillOpacity": 0.6,
          "radius": 10.962,
          "dashArray": null
        }
      }
    },
    {
      "type": "Feature",
      "geometry": {
        "coordinates": [
          1.938782,
          47.883526
        ],
        "type": "Point"
      },
      "properties": {
        "Caisse": "451",
        "Commune": "ST DENIS EN VAL",
        "Adresse": "RUE DE LA PORTE ROUGE",
        "_qgis_class_val": "default",
        "_qgis_style": {
          "color": "#232323",
          "fillColor": "#e8718d",
          "weight": 1.0,
          "opacity": 1.0,
          "fillOpacity": 0.6,
          "radius": 10.962,
          "dashArray": null
        }
      }
    },
    {
      "type": "Feature",
      "geometry": {
        "coordinates": [
          1.95965,
          47.893406
        ],
        "type": "Point"
      },
      "properties": {
        "Caisse": "451",
        "Commune": "ST DENIS EN VAL",
        "Adresse": "RUE DE BONNEVEAUX",
        "_qgis_class_val": "default",
        "_qgis_style": {
          "color": "#232323",
          "fillColor": "#e8718d",
          "weight": 1.0,
          "opacity": 1.0,
          "fillOpacity": 0.6,
          "radius": 10.962,
          "dashArray": null
        }
      }
    },
    {
      "type": "Feature",
      "geometry": {
        "coordinates": [
          1.882486,
          47.932283
        ],
        "type": "Point"
      },
      "properties": {
        "Caisse": "451",
        "Commune": "SARAN",
        "Adresse": "RUE DE VILLAMBLAIN",
        "_qgis_class_val": "default",
        "_qgis_style": {
          "color": "#232323",
          "fillColor": "#e8718d",
          "weight": 1.0,
          "opacity": 1.0,
          "fillOpacity": 0.6,
          "radius": 10.962,
          "dashArray": null
        }
      }
    },
    {
      "type": "Feature",
      "geometry": {
        "coordinates": [
          1.883947,
          47.949115
        ],
        "type": "Point"
      },
      "properties": {
        "Caisse": "451",
        "Commune": "SARAN",
        "Adresse": "AV DU STADE",
        "_qgis_class_val": "default",
        "_qgis_style": {
          "color": "#232323",
          "fillColor": "#e8718d",
          "weight": 1.0,
          "opacity": 1.0,
          "fillOpacity": 0.6,
          "radius": 10.962,
          "dashArray": null
        }
      }
    },
    {
      "type": "Feature",
      "geometry": {
        "coordinates": [
          1.874102,
          47.937511
        ],
        "type": "Point"
      },
      "properties": {
        "Caisse": "451",
        "Commune": "SARAN",
        "Adresse": "RUE MARYSE BASTIE",
        "_qgis_class_val": "default",
        "_qgis_style": {
          "color": "#232323",
          "fillColor": "#e8718d",
          "weight": 1.0,
          "opacity": 1.0,
          "fillOpacity": 0.6,
          "radius": 10.962,
          "dashArray": null
        }
      }
    },
    {
      "type": "Feature",
      "geometry": {
        "coordinates": [
          2.752991,
          47.971364
        ],
        "type": "Point"
      },
      "properties": {
        "Caisse": "451",
        "Commune": "AMILLY",
        "Adresse": "RUE DE LA COOPERATIVE",
        "_qgis_class_val": "default",
        "_qgis_style": {
          "color": "#232323",
          "fillColor": "#e8718d",
          "weight": 1.0,
          "opacity": 1.0,
          "fillOpacity": 0.6,
          "radius": 10.962,
          "dashArray": null
        }
      }
    },
    {
      "type": "Feature",
      "geometry": {
        "coordinates": [
          1.702796,
          46.805131
        ],
        "type": "Point"
      },
      "properties": {
        "Caisse": "361",
        "Commune": "BP 216",
        "Adresse": "R DE LA VALLEE SAINT LOUIS",
        "_qgis_class_val": "default",
        "_qgis_style": {
          "color": "#232323",
          "fillColor": "#e8718d",
          "weight": 1.0,
          "opacity": 1.0,
          "fillOpacity": 0.6,
          "radius": 10.962,
          "dashArray": null
        }
      }
    },
    {
      "type": "Feature",
      "geometry": {
        "coordinates": [
          1.211247,
          46.487916
        ],
        "type": "Point"
      },
      "properties": {
        "Caisse": "361",
        "Commune": "LIGNAC",
        "Adresse": "LA MAISON NEUVE",
        "_qgis_class_val": "default",
        "_qgis_style": {
          "color": "#232323",
          "fillColor": "#e8718d",
          "weight": 1.0,
          "opacity": 1.0,
          "fillOpacity": 0.6,
          "radius": 10.962,
          "dashArray": null
        }
      }
    },
    {
      "type": "Feature",
      "geometry": {
        "coordinates": [
          1.447525,
          47.332346
        ],
        "type": "Point"
      },
      "properties": {
        "Caisse": "411",
        "Commune": "MEHERS",
        "Adresse": "RTE DES FONTAINES",
        "_qgis_class_val": "default",
        "_qgis_style": {
          "color": "#232323",
          "fillColor": "#e8718d",
          "weight": 1.0,
          "opacity": 1.0,
          "fillOpacity": 0.6,
          "radius": 10.962,
          "dashArray": null
        }
      }
    },
    {
      "type": "Feature",
      "geometry": {
        "coordinates": [
          2.697981,
          48.012307
        ],
        "type": "Point"
      },
      "properties": {
        "Caisse": "451",
        "Commune": "PANNES",
        "Adresse": "RUE DU CHATEAU D EAU",
        "_qgis_class_val": "default",
        "_qgis_style": {
          "color": "#232323",
          "fillColor": "#e8718d",
          "weight": 1.0,
          "opacity": 1.0,
          "fillOpacity": 0.6,
          "radius": 10.962,
          "dashArray": null
        }
      }
    },
    {
      "type": "Feature",
      "geometry": {
        "coordinates": [
          1.596774,
          47.627073
        ],
        "type": "Point"
      },
      "properties": {
        "Caisse": "411",
        "Commune": "THOURY",
        "Adresse": "LE GRAND CLOS",
        "_qgis_class_val": "default",
        "_qgis_style": {
          "color": "#232323",
          "fillColor": "#e8718d",
          "weight": 1.0,
          "opacity": 1.0,
          "fillOpacity": 0.6,
          "radius": 10.962,
          "dashArray": null
        }
      }
    },
    {
      "type": "Feature",
      "geometry": {
        "coordinates": [
          0.985393,
          47.402938
        ],
        "type": "Point"
      },
      "properties": {
        "Caisse": "371",
        "Commune": "AMBOISE",
        "Adresse": "RUE DE MOSNY",
        "_qgis_class_val": "default",
        "_qgis_style": {
          "color": "#232323",
          "fillColor": "#e8718d",
          "weight": 1.0,
          "opacity": 1.0,
          "fillOpacity": 0.6,
          "radius": 10.962,
          "dashArray": null
        }
      }
    },
    {
      "type": "Feature",
      "geometry": {
        "coordinates": [
          1.903416,
          47.914947
        ],
        "type": "Point"
      },
      "properties": {
        "Caisse": "451",
        "Commune": "ORLEANS",
        "Adresse": "ALL PIERRE DE COUBERTIN",
        "_qgis_class_val": "default",
        "_qgis_style": {
          "color": "#232323",
          "fillColor": "#e8718d",
          "weight": 1.0,
          "opacity": 1.0,
          "fillOpacity": 0.6,
          "radius": 10.962,
          "dashArray": null
        }
      }
    },
    {
      "type": "Feature",
      "geometry": {
        "coordinates": [
          1.937957,
          47.837619
        ],
        "type": "Point"
      },
      "properties": {
        "Caisse": "451",
        "Commune": "ORLEANS",
        "Adresse": "PL D ALEMBERT",
        "_qgis_class_val": "default",
        "_qgis_style": {
          "color": "#232323",
          "fillColor": "#e8718d",
          "weight": 1.0,
          "opacity": 1.0,
          "fillOpacity": 0.6,
          "radius": 10.962,
          "dashArray": null
        }
      }
    },
    {
      "type": "Feature",
      "geometry": {
        "coordinates": [
          1.300764,
          47.514907
        ],
        "type": "Point"
      },
      "properties": {
        "Caisse": "411",
        "Commune": "CHAILLES",
        "Adresse": "RUE DU MAUPAS",
        "_qgis_class_val": "default",
        "_qgis_style": {
          "color": "#232323",
          "fillColor": "#e8718d",
          "weight": 1.0,
          "opacity": 1.0,
          "fillOpacity": 0.6,
          "radius": 10.962,
          "dashArray": null
        }
      }
    },
    {
      "type": "Feature",
      "geometry": {
        "coordinates": [
          1.929733,
          47.911705
        ],
        "type": "Point"
      },
      "properties": {
        "Caisse": "451",
        "Commune": "CS 75719",
        "Adresse": "RUE JEAN PHILIPPE RAMEAU",
        "_qgis_class_val": "default",
        "_qgis_style": {
          "color": "#232323",
          "fillColor": "#e8718d",
          "weight": 1.0,
          "opacity": 1.0,
          "fillOpacity": 0.6,
          "radius": 10.962,
          "dashArray": null
        }
      }
    },
    {
      "type": "Feature",
      "geometry": {
        "coordinates": [
          1.796228,
          47.428334
        ],
        "type": "Point"
      },
      "properties": {
        "Caisse": "411",
        "Commune": "MILLANCAY",
        "Adresse": "RUE DU MARAIS MAHAUT",
        "_qgis_class_val": "default",
        "_qgis_style": {
          "color": "#232323",
          "fillColor": "#e8718d",
          "weight": 1.0,
          "opacity": 1.0,
          "fillOpacity": 0.6,
          "radius": 10.962,
          "dashArray": null
        }
      }
    },
    {
      "type": "Feature",
      "geometry": {
        "coordinates": [
          1.50688,
          46.602195
        ],
        "type": "Point"
      },
      "properties": {
        "Caisse": "361",
        "Commune": "ST MARCEL",
        "Adresse": "RUE LOUIS PINOTEAU",
        "_qgis_class_val": "default",
        "_qgis_style": {
          "color": "#232323",
          "fillColor": "#e8718d",
          "weight": 1.0,
          "opacity": 1.0,
          "fillOpacity": 0.6,
          "radius": 10.962,
          "dashArray": null
        }
      }
    },
    {
      "type": "Feature",
      "geometry": {
        "coordinates": [
          2.547525,
          48.077546
        ],
        "type": "Point"
      },
      "properties": {
        "Caisse": "451",
        "Commune": "CORBEILLES",
        "Adresse": "RUE DES DEPORTES",
        "_qgis_class_val": "default",
        "_qgis_style": {
          "color": "#232323",
          "fillColor": "#e8718d",
          "weight": 1.0,
          "opacity": 1.0,
          "fillOpacity": 0.6,
          "radius": 10.962,
          "dashArray": null
        }
      }
    },
    {
      "type": "Feature",
      "geometry": {
        "coordinates": [
          1.14887,
          48.629115
        ],
        "type": "Point"
      },
      "properties": {
        "Caisse": "281",
        "Commune": "MAILLEBOIS",
        "Adresse": "RUE HUBERT LATHAM",
        "_qgis_class_val": "default",
        "_qgis_style": {
          "color": "#232323",
          "fillColor": "#e8718d",
          "weight": 1.0,
          "opacity": 1.0,
          "fillOpacity": 0.6,
          "radius": 10.962,
          "dashArray": null
        }
      }
    },
    {
      "type": "Feature",
      "geometry": {
        "coordinates": [
          1.70269,
          46.811828
        ],
        "type": "Point"
      },
      "properties": {
        "Caisse": "361",
        "Commune": "CHATEAUROUX",
        "Adresse": "RUE DE MOUSSEAUX",
        "_qgis_class_val": "default",
        "_qgis_style": {
          "color": "#232323",
          "fillColor": "#e8718d",
          "weight": 1.0,
          "opacity": 1.0,
          "fillOpacity": 0.6,
          "radius": 10.962,
          "dashArray": null
        }
      }
    },
    {
      "type": "Feature",
      "geometry": {
        "coordinates": [
          1.379327,
          46.803118
        ],
        "type": "Point"
      },
      "properties": {
        "Caisse": "361",
        "Commune": "VENDOEUVRES",
        "Adresse": "L HERMITAGE",
        "_qgis_class_val": "default",
        "_qgis_style": {
          "color": "#232323",
          "fillColor": "#e8718d",
          "weight": 1.0,
          "opacity": 1.0,
          "fillOpacity": 0.6,
          "radius": 10.962,
          "dashArray": null
        }
      }
    },
    {
      "type": "Feature",
      "geometry": {
        "coordinates": [
          2.697369,
          47.977947
        ],
        "type": "Point"
      },
      "properties": {
        "Caisse": "451",
        "Commune": "VILLEMANDEUR",
        "Adresse": "IMP DU BOIS LORRAIN",
        "_qgis_class_val": "default",
        "_qgis_style": {
          "color": "#232323",
          "fillColor": "#e8718d",
          "weight": 1.0,
          "opacity": 1.0,
          "fillOpacity": 0.6,
          "radius": 10.962,
          "dashArray": null
        }
      }
    },
    {
      "type": "Feature",
      "geometry": {
        "coordinates": [
          2.698028,
          47.987751
        ],
        "type": "Point"
      },
      "properties": {
        "Caisse": "451",
        "Commune": "VILLEMANDEUR",
        "Adresse": "RUE CHAMBON",
        "_qgis_class_val": "default",
        "_qgis_style": {
          "color": "#232323",
          "fillColor": "#e8718d",
          "weight": 1.0,
          "opacity": 1.0,
          "fillOpacity": 0.6,
          "radius": 10.962,
          "dashArray": null
        }
      }
    },
    {
      "type": "Feature",
      "geometry": {
        "coordinates": [
          0.670394,
          47.382539
        ],
        "type": "Point"
      },
      "properties": {
        "Caisse": "371",
        "Commune": "TOURS CEDEX 9",
        "Adresse": "R DE BEAUMONT",
        "_qgis_class_val": "default",
        "_qgis_style": {
          "color": "#232323",
          "fillColor": "#e8718d",
          "weight": 1.0,
          "opacity": 1.0,
          "fillOpacity": 0.6,
          "radius": 10.962,
          "dashArray": null
        }
      }
    },
    {
      "type": "Feature",
      "geometry": {
        "coordinates": [
          1.856912,
          46.886799
        ],
        "type": "Point"
      },
      "properties": {
        "Caisse": "361",
        "Commune": "NEUVY PAILLOUX",
        "Adresse": "RUE DU PETIT CLOS",
        "_qgis_class_val": "default",
        "_qgis_style": {
          "color": "#232323",
          "fillColor": "#e8718d",
          "weight": 1.0,
          "opacity": 1.0,
          "fillOpacity": 0.6,
          "radius": 10.962,
          "dashArray": null
        }
      }
    },
    {
      "type": "Feature",
      "geometry": {
        "coordinates": [
          1.94871,
          47.879736
        ],
        "type": "Point"
      },
      "properties": {
        "Caisse": "451",
        "Commune": "ST DENIS EN VAL",
        "Adresse": "RUE DE SAINT DENIS",
        "_qgis_class_val": "default",
        "_qgis_style": {
          "color": "#232323",
          "fillColor": "#e8718d",
          "weight": 1.0,
          "opacity": 1.0,
          "fillOpacity": 0.6,
          "radius": 10.962,
          "dashArray": null
        }
      }
    },
    {
      "type": "Feature",
      "geometry": {
        "coordinates": [
          0.65634,
          47.397168
        ],
        "type": "Point"
      },
      "properties": {
        "Caisse": "371",
        "Commune": "ST CYR SUR LOIRE",
        "Adresse": "RUE ARISTIDE BRIAND",
        "_qgis_class_val": "default",
        "_qgis_style": {
          "color": "#232323",
          "fillColor": "#e8718d",
          "weight": 1.0,
          "opacity": 1.0,
          "fillOpacity": 0.6,
          "radius": 10.962,
          "dashArray": null
        }
      }
    },
    {
      "type": "Feature",
      "geometry": {
        "coordinates": [
          1.988172,
          47.908845
        ],
        "type": "Point"
      },
      "properties": {
        "Caisse": "451",
        "Commune": "ST JEAN DE BRAYE",
        "Adresse": "RUE DE LA HAUTINIERE",
        "_qgis_class_val": "default",
        "_qgis_style": {
          "color": "#232323",
          "fillColor": "#e8718d",
          "weight": 1.0,
          "opacity": 1.0,
          "fillOpacity": 0.6,
          "radius": 10.962,
          "dashArray": null
        }
      }
    },
    {
      "type": "Feature",
      "geometry": {
        "coordinates": [
          2.721751,
          48.005436
        ],
        "type": "Point"
      },
      "properties": {
        "Caisse": "451",
        "Commune": "CHALETTE SUR LOING",
        "Adresse": "RUE EDOUARD LALO",
        "_qgis_class_val": "default",
        "_qgis_style": {
          "color": "#232323",
          "fillColor": "#e8718d",
          "weight": 1.0,
          "opacity": 1.0,
          "fillOpacity": 0.6,
          "radius": 10.962,
          "dashArray": null
        }
      }
    },
    {
      "type": "Feature",
      "geometry": {
        "coordinates": [
          2.745069,
          47.872198
        ],
        "type": "Point"
      },
      "properties": {
        "Caisse": "451",
        "Commune": "PRESSIGNY LES PINS",
        "Adresse": "IMP DES TAILLES",
        "_qgis_class_val": "default",
        "_qgis_style": {
          "color": "#232323",
          "fillColor": "#e8718d",
          "weight": 1.0,
          "opacity": 1.0,
          "fillOpacity": 0.6,
          "radius": 10.962,
          "dashArray": null
        }
      }
    },
    {
      "type": "Feature",
      "geometry": {
        "coordinates": [
          1.952167,
          47.184711
        ],
        "type": "Point"
      },
      "properties": {
        "Caisse": "181",
        "Commune": "DAMPIERRE EN GRACAY",
        "Adresse": "LE BOIS D OLIVET",
        "_qgis_class_val": "default",
        "_qgis_style": {
          "color": "#232323",
          "fillColor": "#e8718d",
          "weight": 1.0,
          "opacity": 1.0,
          "fillOpacity": 0.6,
          "radius": 10.962,
          "dashArray": null
        }
      }
    },
    {
      "type": "Feature",
      "geometry": {
        "coordinates": [
          1.2912,
          48.624664
        ],
        "type": "Point"
      },
      "properties": {
        "Caisse": "281",
        "Commune": "ST SAUVEUR MARVILLE",
        "Adresse": "CHE DES SAULNIERES",
        "_qgis_class_val": "default",
        "_qgis_style": {
          "color": "#232323",
          "fillColor": "#e8718d",
          "weight": 1.0,
          "opacity": 1.0,
          "fillOpacity": 0.6,
          "radius": 10.962,
          "dashArray": null
        }
      }
    },
    {
      "type": "Feature",
      "geometry": {
        "coordinates": [
          1.738355,
          47.344819
        ],
        "type": "Point"
      },
      "properties": {
        "Caisse": "411",
        "Commune": "ROMORANTIN LANTHENAY",
        "Adresse": "RUE PAUL BESNARD",
        "_qgis_class_val": "default",
        "_qgis_style": {
          "color": "#232323",
          "fillColor": "#e8718d",
          "weight": 1.0,
          "opacity": 1.0,
          "fillOpacity": 0.6,
          "radius": 10.962,
          "dashArray": null
        }
      }
    },
    {
      "type": "Feature",
      "geometry": {
        "coordinates": [
          1.869361,
          47.903179
        ],
        "type": "Point"
      },
      "properties": {
        "Caisse": "451",
        "Commune": "ST JEAN DE LA RUELLE",
        "Adresse": "RUE DE LA PRAIRIE",
        "_qgis_class_val": "default",
        "_qgis_style": {
          "color": "#232323",
          "fillColor": "#e8718d",
          "weight": 1.0,
          "opacity": 1.0,
          "fillOpacity": 0.6,
          "radius": 10.962,
          "dashArray": null
        }
      }
    },
    {
      "type": "Feature",
      "geometry": {
        "coordinates": [
          1.326915,
          47.56476
        ],
        "type": "Point"
      },
      "properties": {
        "Caisse": "411",
        "Commune": "BLOIS",
        "Adresse": "RUE DES PRES D AMONT",
        "_qgis_class_val": "default",
        "_qgis_style": {
          "color": "#232323",
          "fillColor": "#e8718d",
          "weight": 1.0,
          "opacity": 1.0,
          "fillOpacity": 0.6,
          "radius": 10.962,
          "dashArray": null
        }
      }
    },
    {
      "type": "Feature",
      "geometry": {
        "coordinates": [
          2.162149,
          47.174764
        ],
        "type": "Point"
      },
      "properties": {
        "Caisse": "181",
        "Commune": "FOECY",
        "Adresse": "LES CHAMPS LEVRAUX",
        "_qgis_class_val": "default",
        "_qgis_style": {
          "color": "#232323",
          "fillColor": "#e8718d",
          "weight": 1.0,
          "opacity": 1.0,
          "fillOpacity": 0.6,
          "radius": 10.962,
          "dashArray": null
        }
      }
    },
    {
      "type": "Feature",
      "geometry": {
        "coordinates": [
          0.681956,
          47.412124
        ],
        "type": "Point"
      },
      "properties": {
        "Caisse": "371",
        "Commune": "TOURS",
        "Adresse": "RUE DE LA FOSSE MARINE",
        "_qgis_class_val": "default",
        "_qgis_style": {
          "color": "#232323",
          "fillColor": "#e8718d",
          "weight": 1.0,
          "opacity": 1.0,
          "fillOpacity": 0.6,
          "radius": 10.962,
          "dashArray": null
        }
      }
    },
    {
      "type": "Feature",
      "geometry": {
        "coordinates": [
          1.82197,
          47.209032
        ],
        "type": "Point"
      },
      "properties": {
        "Caisse": "361",
        "Commune": "BP 216",
        "Adresse": "R DE LA VALLEE SAINT LOUIS",
        "_qgis_class_val": "default",
        "_qgis_style": {
          "color": "#232323",
          "fillColor": "#e8718d",
          "weight": 1.0,
          "opacity": 1.0,
          "fillOpacity": 0.6,
          "radius": 10.962,
          "dashArray": null
        }
      }
    },
    {
      "type": "Feature",
      "geometry": {
        "coordinates": [
          1.662799,
          46.813591
        ],
        "type": "Point"
      },
      "properties": {
        "Caisse": "361",
        "Commune": "ST MAUR",
        "Adresse": "RUE DU VAL DE L INDRE",
        "_qgis_class_val": "default",
        "_qgis_style": {
          "color": "#232323",
          "fillColor": "#e8718d",
          "weight": 1.0,
          "opacity": 1.0,
          "fillOpacity": 0.6,
          "radius": 10.962,
          "dashArray": null
        }
      }
    },
    {
      "type": "Feature",
      "geometry": {
        "coordinates": [
          1.482973,
          48.434805
        ],
        "type": "Point"
      },
      "properties": {
        "Caisse": "281",
        "Commune": "CHARTRES",
        "Adresse": "RUE VOLTAIRE",
        "_qgis_class_val": "default",
        "_qgis_style": {
          "color": "#232323",
          "fillColor": "#e8718d",
          "weight": 1.0,
          "opacity": 1.0,
          "fillOpacity": 0.6,
          "radius": 10.962,
          "dashArray": null
        }
      }
    },
    {
      "type": "Feature",
      "geometry": {
        "coordinates": [
          1.929733,
          47.911705
        ],
        "type": "Point"
      },
      "properties": {
        "Caisse": "451",
        "Commune": "CS 75719",
        "Adresse": "RUE JEAN PHILIPPE RAMEAU",
        "_qgis_class_val": "default",
        "_qgis_style": {
          "color": "#232323",
          "fillColor": "#e8718d",
          "weight": 1.0,
          "opacity": 1.0,
          "fillOpacity": 0.6,
          "radius": 10.962,
          "dashArray": null
        }
      }
    },
    {
      "type": "Feature",
      "geometry": {
        "coordinates": [
          1.929733,
          47.911705
        ],
        "type": "Point"
      },
      "properties": {
        "Caisse": "451",
        "Commune": "CS 75719",
        "Adresse": "RUE JEAN PHILIPPE RAMEAU",
        "_qgis_class_val": "default",
        "_qgis_style": {
          "color": "#232323",
          "fillColor": "#e8718d",
          "weight": 1.0,
          "opacity": 1.0,
          "fillOpacity": 0.6,
          "radius": 10.962,
          "dashArray": null
        }
      }
    },
    {
      "type": "Feature",
      "geometry": {
        "coordinates": [
          1.929733,
          47.911705
        ],
        "type": "Point"
      },
      "properties": {
        "Caisse": "451",
        "Commune": "CS 75719",
        "Adresse": "RUE JEAN PHILIPPE RAMEAU",
        "_qgis_class_val": "default",
        "_qgis_style": {
          "color": "#232323",
          "fillColor": "#e8718d",
          "weight": 1.0,
          "opacity": 1.0,
          "fillOpacity": 0.6,
          "radius": 10.962,
          "dashArray": null
        }
      }
    },
    {
      "type": "Feature",
      "geometry": {
        "coordinates": [
          2.004738,
          46.947805
        ],
        "type": "Point"
      },
      "properties": {
        "Caisse": "361",
        "Commune": "ISSOUDUN",
        "Adresse": "RUE RENE CHAR",
        "_qgis_class_val": "default",
        "_qgis_style": {
          "color": "#232323",
          "fillColor": "#e8718d",
          "weight": 1.0,
          "opacity": 1.0,
          "fillOpacity": 0.6,
          "radius": 10.962,
          "dashArray": null
        }
      }
    },
    {
      "type": "Feature",
      "geometry": {
        "coordinates": [
          1.332769,
          47.497271
        ],
        "type": "Point"
      },
      "properties": {
        "Caisse": "411",
        "Commune": "OUCHAMPS",
        "Adresse": "RUE DU BEUVRON",
        "_qgis_class_val": "default",
        "_qgis_style": {
          "color": "#232323",
          "fillColor": "#e8718d",
          "weight": 1.0,
          "opacity": 1.0,
          "fillOpacity": 0.6,
          "radius": 10.962,
          "dashArray": null
        }
      }
    },
    {
      "type": "Feature",
      "geometry": {
        "coordinates": [
          2.783853,
          48.036749
        ],
        "type": "Point"
      },
      "properties": {
        "Caisse": "451",
        "Commune": "PAUCOURT",
        "Adresse": "RUE DE LA GROTTE AUX LOUPS",
        "_qgis_class_val": "default",
        "_qgis_style": {
          "color": "#232323",
          "fillColor": "#e8718d",
          "weight": 1.0,
          "opacity": 1.0,
          "fillOpacity": 0.6,
          "radius": 10.962,
          "dashArray": null
        }
      }
    },
    {
      "type": "Feature",
      "geometry": {
        "coordinates": [
          1.218732,
          47.542681
        ],
        "type": "Point"
      },
      "properties": {
        "Caisse": "411",
        "Commune": "COULANGES",
        "Adresse": "RUE DE VARANNE",
        "_qgis_class_val": "default",
        "_qgis_style": {
          "color": "#232323",
          "fillColor": "#e8718d",
          "weight": 1.0,
          "opacity": 1.0,
          "fillOpacity": 0.6,
          "radius": 10.962,
          "dashArray": null
        }
      }
    },
    {
      "type": "Feature",
      "geometry": {
        "coordinates": [
          2.56031,
          48.067015
        ],
        "type": "Point"
      },
      "properties": {
        "Caisse": "451",
        "Commune": "CORBEILLES",
        "Adresse": "AV DE MONTARGIS",
        "_qgis_class_val": "default",
        "_qgis_style": {
          "color": "#232323",
          "fillColor": "#e8718d",
          "weight": 1.0,
          "opacity": 1.0,
          "fillOpacity": 0.6,
          "radius": 10.962,
          "dashArray": null
        }
      }
    },
    {
      "type": "Feature",
      "geometry": {
        "coordinates": [
          2.397919,
          47.807729
        ],
        "type": "Point"
      },
      "properties": {
        "Caisse": "451",
        "Commune": "LES BORDES",
        "Adresse": "RTE DE SULLY",
        "_qgis_class_val": "default",
        "_qgis_style": {
          "color": "#232323",
          "fillColor": "#e8718d",
          "weight": 1.0,
          "opacity": 1.0,
          "fillOpacity": 0.6,
          "radius": 10.962,
          "dashArray": null
        }
      }
    },
    {
      "type": "Feature",
      "geometry": {
        "coordinates": [
          1.710625,
          46.805009
        ],
        "type": "Point"
      },
      "properties": {
        "Caisse": "361",
        "Commune": "CHATEAUROUX",
        "Adresse": "RUE GEORGES COURTELINE",
        "_qgis_class_val": "default",
        "_qgis_style": {
          "color": "#232323",
          "fillColor": "#e8718d",
          "weight": 1.0,
          "opacity": 1.0,
          "fillOpacity": 0.6,
          "radius": 10.962,
          "dashArray": null
        }
      }
    },
    {
      "type": "Feature",
      "geometry": {
        "coordinates": [
          1.182423,
          47.343961
        ],
        "type": "Point"
      },
      "properties": {
        "Caisse": "411",
        "Commune": "MONTRICHARD",
        "Adresse": "RUE DU SABOT ROUGE",
        "_qgis_class_val": "default",
        "_qgis_style": {
          "color": "#232323",
          "fillColor": "#e8718d",
          "weight": 1.0,
          "opacity": 1.0,
          "fillOpacity": 0.6,
          "radius": 10.962,
          "dashArray": null
        }
      }
    },
    {
      "type": "Feature",
      "geometry": {
        "coordinates": [
          1.39225,
          48.220591
        ],
        "type": "Point"
      },
      "properties": {
        "Caisse": "281",
        "Commune": "MONTBOISSIER",
        "Adresse": "RUE DU HOUSSAY",
        "_qgis_class_val": "default",
        "_qgis_style": {
          "color": "#232323",
          "fillColor": "#e8718d",
          "weight": 1.0,
          "opacity": 1.0,
          "fillOpacity": 0.6,
          "radius": 10.962,
          "dashArray": null
        }
      }
    },
    {
      "type": "Feature",
      "geometry": {
        "coordinates": [
          2.922783,
          47.932376
        ],
        "type": "Point"
      },
      "properties": {
        "Caisse": "451",
        "Commune": "CHATEAU RENARD",
        "Adresse": "RUE DU GENERAL DE GAULLE",
        "_qgis_class_val": "default",
        "_qgis_style": {
          "color": "#232323",
          "fillColor": "#e8718d",
          "weight": 1.0,
          "opacity": 1.0,
          "fillOpacity": 0.6,
          "radius": 10.962,
          "dashArray": null
        }
      }
    },
    {
      "type": "Feature",
      "geometry": {
        "coordinates": [
          1.76474,
          47.934942
        ],
        "type": "Point"
      },
      "properties": {
        "Caisse": "451",
        "Commune": "BUCY ST LIPHARD",
        "Adresse": "RTE NATIONALE",
        "_qgis_class_val": "default",
        "_qgis_style": {
          "color": "#232323",
          "fillColor": "#e8718d",
          "weight": 1.0,
          "opacity": 1.0,
          "fillOpacity": 0.6,
          "radius": 10.962,
          "dashArray": null
        }
      }
    },
    {
      "type": "Feature",
      "geometry": {
        "coordinates": [
          1.929733,
          47.911705
        ],
        "type": "Point"
      },
      "properties": {
        "Caisse": "451",
        "Commune": "ORLEANS CEDEX 1",
        "Adresse": "RUE JEAN PHILIPPE RAMEAU",
        "_qgis_class_val": "default",
        "_qgis_style": {
          "color": "#232323",
          "fillColor": "#e8718d",
          "weight": 1.0,
          "opacity": 1.0,
          "fillOpacity": 0.6,
          "radius": 10.962,
          "dashArray": null
        }
      }
    },
    {
      "type": "Feature",
      "geometry": {
        "coordinates": [
          1.562604,
          47.282807
        ],
        "type": "Point"
      },
      "properties": {
        "Caisse": "411",
        "Commune": "SELLES SUR CHER",
        "Adresse": "RUE DES PETITS JARDINS",
        "_qgis_class_val": "default",
        "_qgis_style": {
          "color": "#232323",
          "fillColor": "#e8718d",
          "weight": 1.0,
          "opacity": 1.0,
          "fillOpacity": 0.6,
          "radius": 10.962,
          "dashArray": null
        }
      }
    },
    {
      "type": "Feature",
      "geometry": {
        "coordinates": [
          1.28142,
          47.279197
        ],
        "type": "Point"
      },
      "properties": {
        "Caisse": "411",
        "Commune": "MAREUIL SUR CHER",
        "Adresse": "RUE DES BRUNETIERES",
        "_qgis_class_val": "default",
        "_qgis_style": {
          "color": "#232323",
          "fillColor": "#e8718d",
          "weight": 1.0,
          "opacity": 1.0,
          "fillOpacity": 0.6,
          "radius": 10.962,
          "dashArray": null
        }
      }
    },
    {
      "type": "Feature",
      "geometry": {
        "coordinates": [
          1.600868,
          47.711011
        ],
        "type": "Point"
      },
      "properties": {
        "Caisse": "411",
        "Commune": "ST LAURENT NOUAN",
        "Adresse": "RTE DE BLOIS",
        "_qgis_class_val": "default",
        "_qgis_style": {
          "color": "#232323",
          "fillColor": "#e8718d",
          "weight": 1.0,
          "opacity": 1.0,
          "fillOpacity": 0.6,
          "radius": 10.962,
          "dashArray": null
        }
      }
    },
    {
      "type": "Feature",
      "geometry": {
        "coordinates": [
          0.18169,
          47.2005
        ],
        "type": "Point"
      },
      "properties": {
        "Caisse": "371",
        "Commune": "BEAUMONT EN VERON",
        "Adresse": "CI DU VELOR",
        "_qgis_class_val": "default",
        "_qgis_style": {
          "color": "#232323",
          "fillColor": "#e8718d",
          "weight": 1.0,
          "opacity": 1.0,
          "fillOpacity": 0.6,
          "radius": 10.962,
          "dashArray": null
        }
      }
    },
    {
      "type": "Feature",
      "geometry": {
        "coordinates": [
          2.845042,
          47.813266
        ],
        "type": "Point"
      },
      "properties": {
        "Caisse": "451",
        "Commune": "CHATILLON COLIGNY",
        "Adresse": "RUE DE PEUILLE",
        "_qgis_class_val": "default",
        "_qgis_style": {
          "color": "#232323",
          "fillColor": "#e8718d",
          "weight": 1.0,
          "opacity": 1.0,
          "fillOpacity": 0.6,
          "radius": 10.962,
          "dashArray": null
        }
      }
    },
    {
      "type": "Feature",
      "geometry": {
        "coordinates": [
          0.810908,
          47.879205
        ],
        "type": "Point"
      },
      "properties": {
        "Caisse": "411",
        "Commune": "SAVIGNY SUR BRAYE",
        "Adresse": "RUE DES PEPINIERES",
        "_qgis_class_val": "default",
        "_qgis_style": {
          "color": "#232323",
          "fillColor": "#e8718d",
          "weight": 1.0,
          "opacity": 1.0,
          "fillOpacity": 0.6,
          "radius": 10.962,
          "dashArray": null
        }
      }
    },
    {
      "type": "Feature",
      "geometry": {
        "coordinates": [
          1.776874,
          47.279329
        ],
        "type": "Point"
      },
      "properties": {
        "Caisse": "411",
        "Commune": "ST JULIEN SUR CHER",
        "Adresse": "RUE DE LA MARELLE",
        "_qgis_class_val": "default",
        "_qgis_style": {
          "color": "#232323",
          "fillColor": "#e8718d",
          "weight": 1.0,
          "opacity": 1.0,
          "fillOpacity": 0.6,
          "radius": 10.962,
          "dashArray": null
        }
      }
    },
    {
      "type": "Feature",
      "geometry": {
        "coordinates": [
          1.767904,
          47.359322
        ],
        "type": "Point"
      },
      "properties": {
        "Caisse": "411",
        "Commune": "ROMORANTIN LANTHENAY",
        "Adresse": "ALL DES GENTILLES",
        "_qgis_class_val": "default",
        "_qgis_style": {
          "color": "#232323",
          "fillColor": "#e8718d",
          "weight": 1.0,
          "opacity": 1.0,
          "fillOpacity": 0.6,
          "radius": 10.962,
          "dashArray": null
        }
      }
    },
    {
      "type": "Feature",
      "geometry": {
        "coordinates": [
          2.026239,
          47.698763
        ],
        "type": "Point"
      },
      "properties": {
        "Caisse": "451",
        "Commune": "MENESTREAU EN VILLETTE",
        "Adresse": "CHE DE BETHLEEM",
        "_qgis_class_val": "default",
        "_qgis_style": {
          "color": "#232323",
          "fillColor": "#e8718d",
          "weight": 1.0,
          "opacity": 1.0,
          "fillOpacity": 0.6,
          "radius": 10.962,
          "dashArray": null
        }
      }
    },
    {
      "type": "Feature",
      "geometry": {
        "coordinates": [
          1.713346,
          46.794554
        ],
        "type": "Point"
      },
      "properties": {
        "Caisse": "361",
        "Commune": "BP 44",
        "Adresse": "RUE DES INGRAINS",
        "_qgis_class_val": "default",
        "_qgis_style": {
          "color": "#232323",
          "fillColor": "#e8718d",
          "weight": 1.0,
          "opacity": 1.0,
          "fillOpacity": 0.6,
          "radius": 10.962,
          "dashArray": null
        }
      }
    },
    {
      "type": "Feature",
      "geometry": {
        "coordinates": [
          1.909061,
          47.855129
        ],
        "type": "Point"
      },
      "properties": {
        "Caisse": "451",
        "Commune": "OLIVET",
        "Adresse": "RUE DU DOCTEUR CHAPELET",
        "_qgis_class_val": "default",
        "_qgis_style": {
          "color": "#232323",
          "fillColor": "#e8718d",
          "weight": 1.0,
          "opacity": 1.0,
          "fillOpacity": 0.6,
          "radius": 10.962,
          "dashArray": null
        }
      }
    },
    {
      "type": "Feature",
      "geometry": {
        "coordinates": [
          0.621719,
          47.733429
        ],
        "type": "Point"
      },
      "properties": {
        "Caisse": "411",
        "Commune": "TREHET",
        "Adresse": "RTE DU VAL DE LOIR",
        "_qgis_class_val": "default",
        "_qgis_style": {
          "color": "#232323",
          "fillColor": "#e8718d",
          "weight": 1.0,
          "opacity": 1.0,
          "fillOpacity": 0.6,
          "radius": 10.962,
          "dashArray": null
        }
      }
    },
    {
      "type": "Feature",
      "geometry": {
        "coordinates": [
          2.390368,
          47.066045
        ],
        "type": "Point"
      },
      "properties": {
        "Caisse": "181",
        "Commune": "BOURGES",
        "Adresse": "RUE DE MAZIERES",
        "_qgis_class_val": "default",
        "_qgis_style": {
          "color": "#232323",
          "fillColor": "#e8718d",
          "weight": 1.0,
          "opacity": 1.0,
          "fillOpacity": 0.6,
          "radius": 10.962,
          "dashArray": null
        }
      }
    },
    {
      "type": "Feature",
      "geometry": {
        "coordinates": [
          1.430092,
          47.42732
        ],
        "type": "Point"
      },
      "properties": {
        "Caisse": "411",
        "Commune": "CONTRES",
        "Adresse": "AVE DE SOLOGNE",
        "_qgis_class_val": "default",
        "_qgis_style": {
          "color": "#232323",
          "fillColor": "#e8718d",
          "weight": 1.0,
          "opacity": 1.0,
          "fillOpacity": 0.6,
          "radius": 10.962,
          "dashArray": null
        }
      }
    },
    {
      "type": "Feature",
      "geometry": {
        "coordinates": [
          1.93059,
          47.839966
        ],
        "type": "Point"
      },
      "properties": {
        "Caisse": "451",
        "Commune": "ORLEANS",
        "Adresse": "RUE HENRI TROYAT",
        "_qgis_class_val": "default",
        "_qgis_style": {
          "color": "#232323",
          "fillColor": "#e8718d",
          "weight": 1.0,
          "opacity": 1.0,
          "fillOpacity": 0.6,
          "radius": 10.962,
          "dashArray": null
        }
      }
    },
    {
      "type": "Feature",
      "geometry": {
        "coordinates": [
          1.93059,
          47.839966
        ],
        "type": "Point"
      },
      "properties": {
        "Caisse": "451",
        "Commune": "ORLEANS",
        "Adresse": "RUE HENRI TROYAT",
        "_qgis_class_val": "default",
        "_qgis_style": {
          "color": "#232323",
          "fillColor": "#e8718d",
          "weight": 1.0,
          "opacity": 1.0,
          "fillOpacity": 0.6,
          "radius": 10.962,
          "dashArray": null
        }
      }
    },
    {
      "type": "Feature",
      "geometry": {
        "coordinates": [
          1.935092,
          47.91566
        ],
        "type": "Point"
      },
      "properties": {
        "Caisse": "451",
        "Commune": "ORLEANS",
        "Adresse": "RUE DES JACOBINS",
        "_qgis_class_val": "default",
        "_qgis_style": {
          "color": "#232323",
          "fillColor": "#e8718d",
          "weight": 1.0,
          "opacity": 1.0,
          "fillOpacity": 0.6,
          "radius": 10.962,
          "dashArray": null
        }
      }
    },
    {
      "type": "Feature",
      "geometry": {
        "coordinates": [
          1.471819,
          48.454877
        ],
        "type": "Point"
      },
      "properties": {
        "Caisse": "281",
        "Commune": "CHARTRES",
        "Adresse": "RUE DES BAS MENUS",
        "_qgis_class_val": "default",
        "_qgis_style": {
          "color": "#232323",
          "fillColor": "#e8718d",
          "weight": 1.0,
          "opacity": 1.0,
          "fillOpacity": 0.6,
          "radius": 10.962,
          "dashArray": null
        }
      }
    },
    {
      "type": "Feature",
      "geometry": {
        "coordinates": [
          1.929733,
          47.911705
        ],
        "type": "Point"
      },
      "properties": {
        "Caisse": "451",
        "Commune": "CS 75719",
        "Adresse": "RUE JEAN PHILIPPE RAMEAU",
        "_qgis_class_val": "default",
        "_qgis_style": {
          "color": "#232323",
          "fillColor": "#e8718d",
          "weight": 1.0,
          "opacity": 1.0,
          "fillOpacity": 0.6,
          "radius": 10.962,
          "dashArray": null
        }
      }
    },
    {
      "type": "Feature",
      "geometry": {
        "coordinates": [
          1.99271,
          46.94938
        ],
        "type": "Point"
      },
      "properties": {
        "Caisse": "361",
        "Commune": "ISSOUDUN",
        "Adresse": "RUE ZULMA CARRAUD",
        "_qgis_class_val": "default",
        "_qgis_style": {
          "color": "#232323",
          "fillColor": "#e8718d",
          "weight": 1.0,
          "opacity": 1.0,
          "fillOpacity": 0.6,
          "radius": 10.962,
          "dashArray": null
        }
      }
    },
    {
      "type": "Feature",
      "geometry": {
        "coordinates": [
          2.726531,
          48.001962
        ],
        "type": "Point"
      },
      "properties": {
        "Caisse": "451",
        "Commune": "MONTARGIS",
        "Adresse": "RUE DE LA SIRENE",
        "_qgis_class_val": "default",
        "_qgis_style": {
          "color": "#232323",
          "fillColor": "#e8718d",
          "weight": 1.0,
          "opacity": 1.0,
          "fillOpacity": 0.6,
          "radius": 10.962,
          "dashArray": null
        }
      }
    },
    {
      "type": "Feature",
      "geometry": {
        "coordinates": [
          1.70269,
          46.811828
        ],
        "type": "Point"
      },
      "properties": {
        "Caisse": "361",
        "Commune": "CHATEAUROUX",
        "Adresse": "RUE DE MOUSSEAUX",
        "_qgis_class_val": "default",
        "_qgis_style": {
          "color": "#232323",
          "fillColor": "#e8718d",
          "weight": 1.0,
          "opacity": 1.0,
          "fillOpacity": 0.6,
          "radius": 10.962,
          "dashArray": null
        }
      }
    },
    {
      "type": "Feature",
      "geometry": {
        "coordinates": [
          1.702796,
          46.805131
        ],
        "type": "Point"
      },
      "properties": {
        "Caisse": "361",
        "Commune": "CHATEAUROUX",
        "Adresse": "R DE LA VALLEE SAINT LOUIS",
        "_qgis_class_val": "default",
        "_qgis_style": {
          "color": "#232323",
          "fillColor": "#e8718d",
          "weight": 1.0,
          "opacity": 1.0,
          "fillOpacity": 0.6,
          "radius": 10.962,
          "dashArray": null
        }
      }
    },
    {
      "type": "Feature",
      "geometry": {
        "coordinates": [
          1.701771,
          46.820989
        ],
        "type": "Point"
      },
      "properties": {
        "Caisse": "361",
        "Commune": "CHATEAUROUX",
        "Adresse": "R DE LA FONTAINE ST GERMAIN",
        "_qgis_class_val": "default",
        "_qgis_style": {
          "color": "#232323",
          "fillColor": "#e8718d",
          "weight": 1.0,
          "opacity": 1.0,
          "fillOpacity": 0.6,
          "radius": 10.962,
          "dashArray": null
        }
      }
    },
    {
      "type": "Feature",
      "geometry": {
        "coordinates": [
          0.715587,
          47.710087
        ],
        "type": "Point"
      },
      "properties": {
        "Caisse": "411",
        "Commune": "MONTROUVEAU",
        "Adresse": "LA CUVERIE",
        "_qgis_class_val": "default",
        "_qgis_style": {
          "color": "#232323",
          "fillColor": "#e8718d",
          "weight": 1.0,
          "opacity": 1.0,
          "fillOpacity": 0.6,
          "radius": 10.962,
          "dashArray": null
        }
      }
    },
    {
      "type": "Feature",
      "geometry": {
        "coordinates": [
          0.668148,
          47.382536
        ],
        "type": "Point"
      },
      "properties": {
        "Caisse": "371",
        "Commune": "TOURS CEDEX 9",
        "Adresse": "BD TONNELLE",
        "_qgis_class_val": "default",
        "_qgis_style": {
          "color": "#232323",
          "fillColor": "#e8718d",
          "weight": 1.0,
          "opacity": 1.0,
          "fillOpacity": 0.6,
          "radius": 10.962,
          "dashArray": null
        }
      }
    },
    {
      "type": "Feature",
      "geometry": {
        "coordinates": [
          1.622358,
          48.553692
        ],
        "type": "Point"
      },
      "properties": {
        "Caisse": "281",
        "Commune": "YERMENONVILLE",
        "Adresse": "RUE DE GALLARDON",
        "_qgis_class_val": "default",
        "_qgis_style": {
          "color": "#232323",
          "fillColor": "#e8718d",
          "weight": 1.0,
          "opacity": 1.0,
          "fillOpacity": 0.6,
          "radius": 10.962,
          "dashArray": null
        }
      }
    },
    {
      "type": "Feature",
      "geometry": {
        "coordinates": [
          2.358974,
          47.761196
        ],
        "type": "Point"
      },
      "properties": {
        "Caisse": "451",
        "Commune": "SULLY SUR LOIRE",
        "Adresse": "AV DES TERRES NOIRES",
        "_qgis_class_val": "default",
        "_qgis_style": {
          "color": "#232323",
          "fillColor": "#e8718d",
          "weight": 1.0,
          "opacity": 1.0,
          "fillOpacity": 0.6,
          "radius": 10.962,
          "dashArray": null
        }
      }
    },
    {
      "type": "Feature",
      "geometry": {
        "coordinates": [
          2.279171,
          47.937672
        ],
        "type": "Point"
      },
      "properties": {
        "Caisse": "451",
        "Commune": "VITRY AUX LOGES",
        "Adresse": "RTE DE COMBREUX",
        "_qgis_class_val": "default",
        "_qgis_style": {
          "color": "#232323",
          "fillColor": "#e8718d",
          "weight": 1.0,
          "opacity": 1.0,
          "fillOpacity": 0.6,
          "radius": 10.962,
          "dashArray": null
        }
      }
    },
    {
      "type": "Feature",
      "geometry": {
        "coordinates": [
          1.904807,
          47.264688
        ],
        "type": "Point"
      },
      "properties": {
        "Caisse": "411",
        "Commune": "CHATRES SUR CHER",
        "Adresse": "RUE DU 8 MAI 1945",
        "_qgis_class_val": "default",
        "_qgis_style": {
          "color": "#232323",
          "fillColor": "#e8718d",
          "weight": 1.0,
          "opacity": 1.0,
          "fillOpacity": 0.6,
          "radius": 10.962,
          "dashArray": null
        }
      }
    },
    {
      "type": "Feature",
      "geometry": {
        "coordinates": [
          1.943599,
          47.91509
        ],
        "type": "Point"
      },
      "properties": {
        "Caisse": "451",
        "Commune": "ST JEAN DE BRAYE",
        "Adresse": "RUE BERNARD PALISSY",
        "_qgis_class_val": "default",
        "_qgis_style": {
          "color": "#232323",
          "fillColor": "#e8718d",
          "weight": 1.0,
          "opacity": 1.0,
          "fillOpacity": 0.6,
          "radius": 10.962,
          "dashArray": null
        }
      }
    },
    {
      "type": "Feature",
      "geometry": {
        "coordinates": [
          1.722486,
          46.809394
        ],
        "type": "Point"
      },
      "properties": {
        "Caisse": "361",
        "Commune": "CHATEAUROUX CEDEX",
        "Adresse": "AV PIERRE DE COUBERTIN",
        "_qgis_class_val": "default",
        "_qgis_style": {
          "color": "#232323",
          "fillColor": "#e8718d",
          "weight": 1.0,
          "opacity": 1.0,
          "fillOpacity": 0.6,
          "radius": 10.962,
          "dashArray": null
        }
      }
    },
    {
      "type": "Feature",
      "geometry": {
        "coordinates": [
          0.86638,
          47.770429
        ],
        "type": "Point"
      },
      "properties": {
        "Caisse": "411",
        "Commune": "MONTOIRE SUR LE LOIR",
        "Adresse": "CHE DU GROS BUISSON",
        "_qgis_class_val": "default",
        "_qgis_style": {
          "color": "#232323",
          "fillColor": "#e8718d",
          "weight": 1.0,
          "opacity": 1.0,
          "fillOpacity": 0.6,
          "radius": 10.962,
          "dashArray": null
        }
      }
    },
    {
      "type": "Feature",
      "geometry": {
        "coordinates": [
          1.875957,
          47.915148
        ],
        "type": "Point"
      },
      "properties": {
        "Caisse": "451",
        "Commune": "ST JEAN DE LA RUELLE",
        "Adresse": "RUE JEAN FERRAT",
        "_qgis_class_val": "default",
        "_qgis_style": {
          "color": "#232323",
          "fillColor": "#e8718d",
          "weight": 1.0,
          "opacity": 1.0,
          "fillOpacity": 0.6,
          "radius": 10.962,
          "dashArray": null
        }
      }
    },
    {
      "type": "Feature",
      "geometry": {
        "coordinates": [
          1.509162,
          47.707089
        ],
        "type": "Point"
      },
      "properties": {
        "Caisse": "411",
        "Commune": "MER",
        "Adresse": "RUE DE LA RESISTANCE",
        "_qgis_class_val": "default",
        "_qgis_style": {
          "color": "#232323",
          "fillColor": "#e8718d",
          "weight": 1.0,
          "opacity": 1.0,
          "fillOpacity": 0.6,
          "radius": 10.962,
          "dashArray": null
        }
      }
    },
    {
      "type": "Feature",
      "geometry": {
        "coordinates": [
          1.310779,
          47.596471
        ],
        "type": "Point"
      },
      "properties": {
        "Caisse": "411",
        "Commune": "BLOIS",
        "Adresse": "RUE MARCEL DORET",
        "_qgis_class_val": "default",
        "_qgis_style": {
          "color": "#232323",
          "fillColor": "#e8718d",
          "weight": 1.0,
          "opacity": 1.0,
          "fillOpacity": 0.6,
          "radius": 10.962,
          "dashArray": null
        }
      }
    },
    {
      "type": "Feature",
      "geometry": {
        "coordinates": [
          1.310241,
          47.591508
        ],
        "type": "Point"
      },
      "properties": {
        "Caisse": "411",
        "Commune": "BLOIS",
        "Adresse": "RUE ROLAND GARROS",
        "_qgis_class_val": "default",
        "_qgis_style": {
          "color": "#232323",
          "fillColor": "#e8718d",
          "weight": 1.0,
          "opacity": 1.0,
          "fillOpacity": 0.6,
          "radius": 10.962,
          "dashArray": null
        }
      }
    },
    {
      "type": "Feature",
      "geometry": {
        "coordinates": [
          1.341659,
          47.596204
        ],
        "type": "Point"
      },
      "properties": {
        "Caisse": "411",
        "Commune": "BLOIS",
        "Adresse": "AV DU MARECHAL MAUNOURY",
        "_qgis_class_val": "default",
        "_qgis_style": {
          "color": "#232323",
          "fillColor": "#e8718d",
          "weight": 1.0,
          "opacity": 1.0,
          "fillOpacity": 0.6,
          "radius": 10.962,
          "dashArray": null
        }
      }
    },
    {
      "type": "Feature",
      "geometry": {
        "coordinates": [
          1.341659,
          47.596204
        ],
        "type": "Point"
      },
      "properties": {
        "Caisse": "411",
        "Commune": "BLOIS",
        "Adresse": "AVE DU MARECHAL MAUNOURY",
        "_qgis_class_val": "default",
        "_qgis_style": {
          "color": "#232323",
          "fillColor": "#e8718d",
          "weight": 1.0,
          "opacity": 1.0,
          "fillOpacity": 0.6,
          "radius": 10.962,
          "dashArray": null
        }
      }
    },
    {
      "type": "Feature",
      "geometry": {
        "coordinates": [
          1.713346,
          46.794554
        ],
        "type": "Point"
      },
      "properties": {
        "Caisse": "361",
        "Commune": "BP 44",
        "Adresse": "RUE DES INGRAINS",
        "_qgis_class_val": "default",
        "_qgis_style": {
          "color": "#232323",
          "fillColor": "#e8718d",
          "weight": 1.0,
          "opacity": 1.0,
          "fillOpacity": 0.6,
          "radius": 10.962,
          "dashArray": null
        }
      }
    },
    {
      "type": "Feature",
      "geometry": {
        "coordinates": [
          1.832994,
          47.934155
        ],
        "type": "Point"
      },
      "properties": {
        "Caisse": "451",
        "Commune": "INGRE",
        "Adresse": "RUE AMBROISE MARECHAL",
        "_qgis_class_val": "default",
        "_qgis_style": {
          "color": "#232323",
          "fillColor": "#e8718d",
          "weight": 1.0,
          "opacity": 1.0,
          "fillOpacity": 0.6,
          "radius": 10.962,
          "dashArray": null
        }
      }
    },
    {
      "type": "Feature",
      "geometry": {
        "coordinates": [
          2.766929,
          47.978469
        ],
        "type": "Point"
      },
      "properties": {
        "Caisse": "451",
        "Commune": "AMILLY",
        "Adresse": "RUE JULES RAIMU",
        "_qgis_class_val": "default",
        "_qgis_style": {
          "color": "#232323",
          "fillColor": "#e8718d",
          "weight": 1.0,
          "opacity": 1.0,
          "fillOpacity": 0.6,
          "radius": 10.962,
          "dashArray": null
        }
      }
    },
    {
      "type": "Feature",
      "geometry": {
        "coordinates": [
          1.697257,
          46.819512
        ],
        "type": "Point"
      },
      "properties": {
        "Caisse": "361",
        "Commune": "BP 145",
        "Adresse": "AVE MARCEL LEMOINE",
        "_qgis_class_val": "default",
        "_qgis_style": {
          "color": "#232323",
          "fillColor": "#e8718d",
          "weight": 1.0,
          "opacity": 1.0,
          "fillOpacity": 0.6,
          "radius": 10.962,
          "dashArray": null
        }
      }
    },
    {
      "type": "Feature",
      "geometry": {
        "coordinates": [
          1.035927,
          47.789273
        ],
        "type": "Point"
      },
      "properties": {
        "Caisse": "411",
        "Commune": "NAVEIL",
        "Adresse": "RUE DES CHAUMES",
        "_qgis_class_val": "default",
        "_qgis_style": {
          "color": "#232323",
          "fillColor": "#e8718d",
          "weight": 1.0,
          "opacity": 1.0,
          "fillOpacity": 0.6,
          "radius": 10.962,
          "dashArray": null
        }
      }
    },
    {
      "type": "Feature",
      "geometry": {
        "coordinates": [
          1.914389,
          47.848241
        ],
        "type": "Point"
      },
      "properties": {
        "Caisse": "451",
        "Commune": "OLIVET",
        "Adresse": "R DE LA BERGERESSE",
        "_qgis_class_val": "default",
        "_qgis_style": {
          "color": "#232323",
          "fillColor": "#e8718d",
          "weight": 1.0,
          "opacity": 1.0,
          "fillOpacity": 0.6,
          "radius": 10.962,
          "dashArray": null
        }
      }
    },
    {
      "type": "Feature",
      "geometry": {
        "coordinates": [
          1.31364,
          47.399162
        ],
        "type": "Point"
      },
      "properties": {
        "Caisse": "411",
        "Commune": "THENAY",
        "Adresse": "CHE DE ROUILLE",
        "_qgis_class_val": "default",
        "_qgis_style": {
          "color": "#232323",
          "fillColor": "#e8718d",
          "weight": 1.0,
          "opacity": 1.0,
          "fillOpacity": 0.6,
          "radius": 10.962,
          "dashArray": null
        }
      }
    },
    {
      "type": "Feature",
      "geometry": {
        "coordinates": [
          2.415006,
          47.101253
        ],
        "type": "Point"
      },
      "properties": {
        "Caisse": "181",
        "Commune": "BOURGES",
        "Adresse": "RUE PAUL VERLAINE",
        "_qgis_class_val": "default",
        "_qgis_style": {
          "color": "#232323",
          "fillColor": "#e8718d",
          "weight": 1.0,
          "opacity": 1.0,
          "fillOpacity": 0.6,
          "radius": 10.962,
          "dashArray": null
        }
      }
    },
    {
      "type": "Feature",
      "geometry": {
        "coordinates": [
          1.467459,
          48.424477
        ],
        "type": "Point"
      },
      "properties": {
        "Caisse": "281",
        "Commune": "LUISANT",
        "Adresse": "BVD D HOCHSTADT",
        "_qgis_class_val": "default",
        "_qgis_style": {
          "color": "#232323",
          "fillColor": "#e8718d",
          "weight": 1.0,
          "opacity": 1.0,
          "fillOpacity": 0.6,
          "radius": 10.962,
          "dashArray": null
        }
      }
    },
    {
      "type": "Feature",
      "geometry": {
        "coordinates": [
          1.907813,
          47.899549
        ],
        "type": "Point"
      },
      "properties": {
        "Caisse": "451",
        "Commune": "ORLEANS",
        "Adresse": "RUE DU POIRIER",
        "_qgis_class_val": "default",
        "_qgis_style": {
          "color": "#232323",
          "fillColor": "#e8718d",
          "weight": 1.0,
          "opacity": 1.0,
          "fillOpacity": 0.6,
          "radius": 10.962,
          "dashArray": null
        }
      }
    },
    {
      "type": "Feature",
      "geometry": {
        "coordinates": [
          1.471819,
          48.454877
        ],
        "type": "Point"
      },
      "properties": {
        "Caisse": "281",
        "Commune": "CHARTRES",
        "Adresse": "RUE DES BAS MENUS",
        "_qgis_class_val": "default",
        "_qgis_style": {
          "color": "#232323",
          "fillColor": "#e8718d",
          "weight": 1.0,
          "opacity": 1.0,
          "fillOpacity": 0.6,
          "radius": 10.962,
          "dashArray": null
        }
      }
    },
    {
      "type": "Feature",
      "geometry": {
        "coordinates": [
          2.019009,
          48.209365
        ],
        "type": "Point"
      },
      "properties": {
        "Caisse": "451",
        "Commune": "OUTARVILLE",
        "Adresse": "RUE DU COLOMBIER",
        "_qgis_class_val": "default",
        "_qgis_style": {
          "color": "#232323",
          "fillColor": "#e8718d",
          "weight": 1.0,
          "opacity": 1.0,
          "fillOpacity": 0.6,
          "radius": 10.962,
          "dashArray": null
        }
      }
    },
    {
      "type": "Feature",
      "geometry": {
        "coordinates": [
          1.719254,
          46.798096
        ],
        "type": "Point"
      },
      "properties": {
        "Caisse": "361",
        "Commune": "CHATEAUROUX",
        "Adresse": "AV MAL D LATTRE DE TASSIGNY",
        "_qgis_class_val": "default",
        "_qgis_style": {
          "color": "#232323",
          "fillColor": "#e8718d",
          "weight": 1.0,
          "opacity": 1.0,
          "fillOpacity": 0.6,
          "radius": 10.962,
          "dashArray": null
        }
      }
    },
    {
      "type": "Feature",
      "geometry": {
        "coordinates": [
          1.715107,
          46.797829
        ],
        "type": "Point"
      },
      "properties": {
        "Caisse": "361",
        "Commune": "CHATEAUROUX",
        "Adresse": "RUE PAUL VERLAINE",
        "_qgis_class_val": "default",
        "_qgis_style": {
          "color": "#232323",
          "fillColor": "#e8718d",
          "weight": 1.0,
          "opacity": 1.0,
          "fillOpacity": 0.6,
          "radius": 10.962,
          "dashArray": null
        }
      }
    },
    {
      "type": "Feature",
      "geometry": {
        "coordinates": [
          2.686545,
          47.983531
        ],
        "type": "Point"
      },
      "properties": {
        "Caisse": "451",
        "Commune": "VILLEMANDEUR",
        "Adresse": "RUE DE LA SURANDIERE",
        "_qgis_class_val": "default",
        "_qgis_style": {
          "color": "#232323",
          "fillColor": "#e8718d",
          "weight": 1.0,
          "opacity": 1.0,
          "fillOpacity": 0.6,
          "radius": 10.962,
          "dashArray": null
        }
      }
    },
    {
      "type": "Feature",
      "geometry": {
        "coordinates": [
          2.712594,
          47.988777
        ],
        "type": "Point"
      },
      "properties": {
        "Caisse": "451",
        "Commune": "VILLEMANDEUR",
        "Adresse": "RUE ALPHONSE DAUDET",
        "_qgis_class_val": "default",
        "_qgis_style": {
          "color": "#232323",
          "fillColor": "#e8718d",
          "weight": 1.0,
          "opacity": 1.0,
          "fillOpacity": 0.6,
          "radius": 10.962,
          "dashArray": null
        }
      }
    },
    {
      "type": "Feature",
      "geometry": {
        "coordinates": [
          0.646909,
          47.364362
        ],
        "type": "Point"
      },
      "properties": {
        "Caisse": "371",
        "Commune": "JOUE LES TOURS",
        "Adresse": "RUE DE L EPAN",
        "_qgis_class_val": "default",
        "_qgis_style": {
          "color": "#232323",
          "fillColor": "#e8718d",
          "weight": 1.0,
          "opacity": 1.0,
          "fillOpacity": 0.6,
          "radius": 10.962,
          "dashArray": null
        }
      }
    },
    {
      "type": "Feature",
      "geometry": {
        "coordinates": [
          2.906262,
          47.933384
        ],
        "type": "Point"
      },
      "properties": {
        "Caisse": "451",
        "Commune": "MONTARGIS CEDEX",
        "Adresse": "KETTERLING CATHERINE",
        "_qgis_class_val": "default",
        "_qgis_style": {
          "color": "#232323",
          "fillColor": "#e8718d",
          "weight": 1.0,
          "opacity": 1.0,
          "fillOpacity": 0.6,
          "radius": 10.962,
          "dashArray": null
        }
      }
    },
    {
      "type": "Feature",
      "geometry": {
        "coordinates": [
          2.653121,
          47.459167
        ],
        "type": "Point"
      },
      "properties": {
        "Caisse": "181",
        "Commune": "VAILLY SUR SAULDRE",
        "Adresse": "RUE DE SURY ES BOIS",
        "_qgis_class_val": "default",
        "_qgis_style": {
          "color": "#232323",
          "fillColor": "#e8718d",
          "weight": 1.0,
          "opacity": 1.0,
          "fillOpacity": 0.6,
          "radius": 10.962,
          "dashArray": null
        }
      }
    },
    {
      "type": "Feature",
      "geometry": {
        "coordinates": [
          1.444007,
          48.722997
        ],
        "type": "Point"
      },
      "properties": {
        "Caisse": "281",
        "Commune": "MEZIERES EN DROUAIS",
        "Adresse": "RUE DE LA LIBERATION",
        "_qgis_class_val": "default",
        "_qgis_style": {
          "color": "#232323",
          "fillColor": "#e8718d",
          "weight": 1.0,
          "opacity": 1.0,
          "fillOpacity": 0.6,
          "radius": 10.962,
          "dashArray": null
        }
      }
    },
    {
      "type": "Feature",
      "geometry": {
        "coordinates": [
          1.610727,
          47.203168
        ],
        "type": "Point"
      },
      "properties": {
        "Caisse": "361",
        "Commune": "VARENNES SUR FOUZON",
        "Adresse": "LES GOUARDS",
        "_qgis_class_val": "default",
        "_qgis_style": {
          "color": "#232323",
          "fillColor": "#e8718d",
          "weight": 1.0,
          "opacity": 1.0,
          "fillOpacity": 0.6,
          "radius": 10.962,
          "dashArray": null
        }
      }
    },
    {
      "type": "Feature",
      "geometry": {
        "coordinates": [
          1.177856,
          48.211841
        ],
        "type": "Point"
      },
      "properties": {
        "Caisse": "281",
        "Commune": "BROU",
        "Adresse": "SQ DE QUERRIEU",
        "_qgis_class_val": "default",
        "_qgis_style": {
          "color": "#232323",
          "fillColor": "#e8718d",
          "weight": 1.0,
          "opacity": 1.0,
          "fillOpacity": 0.6,
          "radius": 10.962,
          "dashArray": null
        }
      }
    },
    {
      "type": "Feature",
      "geometry": {
        "coordinates": [
          1.842056,
          47.983695
        ],
        "type": "Point"
      },
      "properties": {
        "Caisse": "451",
        "Commune": "GIDY",
        "Adresse": "RUE DE COULVREUX",
        "_qgis_class_val": "default",
        "_qgis_style": {
          "color": "#232323",
          "fillColor": "#e8718d",
          "weight": 1.0,
          "opacity": 1.0,
          "fillOpacity": 0.6,
          "radius": 10.962,
          "dashArray": null
        }
      }
    },
    {
      "type": "Feature",
      "geometry": {
        "coordinates": [
          1.546763,
          48.516316
        ],
        "type": "Point"
      },
      "properties": {
        "Caisse": "281",
        "Commune": "JOUY",
        "Adresse": "PL DES HAUTS DE L EURE",
        "_qgis_class_val": "default",
        "_qgis_style": {
          "color": "#232323",
          "fillColor": "#e8718d",
          "weight": 1.0,
          "opacity": 1.0,
          "fillOpacity": 0.6,
          "radius": 10.962,
          "dashArray": null
        }
      }
    },
    {
      "type": "Feature",
      "geometry": {
        "coordinates": [
          1.341659,
          47.596204
        ],
        "type": "Point"
      },
      "properties": {
        "Caisse": "411",
        "Commune": "BLOIS",
        "Adresse": "AV DU MARECHAL MAUNOURY",
        "_qgis_class_val": "default",
        "_qgis_style": {
          "color": "#232323",
          "fillColor": "#e8718d",
          "weight": 1.0,
          "opacity": 1.0,
          "fillOpacity": 0.6,
          "radius": 10.962,
          "dashArray": null
        }
      }
    },
    {
      "type": "Feature",
      "geometry": {
        "coordinates": [
          1.341659,
          47.596204
        ],
        "type": "Point"
      },
      "properties": {
        "Caisse": "411",
        "Commune": "BLOIS",
        "Adresse": "AVE DU MARECHAL MAUNOURY",
        "_qgis_class_val": "default",
        "_qgis_style": {
          "color": "#232323",
          "fillColor": "#e8718d",
          "weight": 1.0,
          "opacity": 1.0,
          "fillOpacity": 0.6,
          "radius": 10.962,
          "dashArray": null
        }
      }
    },
    {
      "type": "Feature",
      "geometry": {
        "coordinates": [
          1.713346,
          46.794554
        ],
        "type": "Point"
      },
      "properties": {
        "Caisse": "361",
        "Commune": "BP 44",
        "Adresse": "RUE DES INGRAINS",
        "_qgis_class_val": "default",
        "_qgis_style": {
          "color": "#232323",
          "fillColor": "#e8718d",
          "weight": 1.0,
          "opacity": 1.0,
          "fillOpacity": 0.6,
          "radius": 10.962,
          "dashArray": null
        }
      }
    },
    {
      "type": "Feature",
      "geometry": {
        "coordinates": [
          1.713346,
          46.794554
        ],
        "type": "Point"
      },
      "properties": {
        "Caisse": "361",
        "Commune": "BP 44",
        "Adresse": "RUE DES INGRAINS",
        "_qgis_class_val": "default",
        "_qgis_style": {
          "color": "#232323",
          "fillColor": "#e8718d",
          "weight": 1.0,
          "opacity": 1.0,
          "fillOpacity": 0.6,
          "radius": 10.962,
          "dashArray": null
        }
      }
    },
    {
      "type": "Feature",
      "geometry": {
        "coordinates": [
          1.341659,
          47.596204
        ],
        "type": "Point"
      },
      "properties": {
        "Caisse": "411",
        "Commune": "BLOIS",
        "Adresse": "AVE DU MARECHAL MAUNOURY",
        "_qgis_class_val": "default",
        "_qgis_style": {
          "color": "#232323",
          "fillColor": "#e8718d",
          "weight": 1.0,
          "opacity": 1.0,
          "fillOpacity": 0.6,
          "radius": 10.962,
          "dashArray": null
        }
      }
    },
    {
      "type": "Feature",
      "geometry": {
        "coordinates": [
          1.341659,
          47.596204
        ],
        "type": "Point"
      },
      "properties": {
        "Caisse": "411",
        "Commune": "BLOIS",
        "Adresse": "AV DU MARECHAL MAUNOURY",
        "_qgis_class_val": "default",
        "_qgis_style": {
          "color": "#232323",
          "fillColor": "#e8718d",
          "weight": 1.0,
          "opacity": 1.0,
          "fillOpacity": 0.6,
          "radius": 10.962,
          "dashArray": null
        }
      }
    },
    {
      "type": "Feature",
      "geometry": {
        "coordinates": [
          1.32629,
          47.598744
        ],
        "type": "Point"
      },
      "properties": {
        "Caisse": "411",
        "Commune": "BLOIS",
        "Adresse": "RUE DU DOCTEUR JEAN LAIGRET",
        "_qgis_class_val": "default",
        "_qgis_style": {
          "color": "#232323",
          "fillColor": "#e8718d",
          "weight": 1.0,
          "opacity": 1.0,
          "fillOpacity": 0.6,
          "radius": 10.962,
          "dashArray": null
        }
      }
    },
    {
      "type": "Feature",
      "geometry": {
        "coordinates": [
          1.31231,
          47.57902
        ],
        "type": "Point"
      },
      "properties": {
        "Caisse": "411",
        "Commune": "BLOIS",
        "Adresse": "AVE DU MARECHAL FOCH",
        "_qgis_class_val": "default",
        "_qgis_style": {
          "color": "#232323",
          "fillColor": "#e8718d",
          "weight": 1.0,
          "opacity": 1.0,
          "fillOpacity": 0.6,
          "radius": 10.962,
          "dashArray": null
        }
      }
    },
    {
      "type": "Feature",
      "geometry": {
        "coordinates": [
          1.713346,
          46.794554
        ],
        "type": "Point"
      },
      "properties": {
        "Caisse": "361",
        "Commune": "BP 44",
        "Adresse": "RUE DES INGRAINS",
        "_qgis_class_val": "default",
        "_qgis_style": {
          "color": "#232323",
          "fillColor": "#e8718d",
          "weight": 1.0,
          "opacity": 1.0,
          "fillOpacity": 0.6,
          "radius": 10.962,
          "dashArray": null
        }
      }
    },
    {
      "type": "Feature",
      "geometry": {
        "coordinates": [
          2.029594,
          47.90179
        ],
        "type": "Point"
      },
      "properties": {
        "Caisse": "451",
        "Commune": "CHECY",
        "Adresse": "RUE DU LEZARD DES MURAILLES",
        "_qgis_class_val": "default",
        "_qgis_style": {
          "color": "#232323",
          "fillColor": "#e8718d",
          "weight": 1.0,
          "opacity": 1.0,
          "fillOpacity": 0.6,
          "radius": 10.962,
          "dashArray": null
        }
      }
    },
    {
      "type": "Feature",
      "geometry": {
        "coordinates": [
          1.886323,
          47.933728
        ],
        "type": "Point"
      },
      "properties": {
        "Caisse": "451",
        "Commune": "SARAN",
        "Adresse": "RUE JACQUES PREVERT",
        "_qgis_class_val": "default",
        "_qgis_style": {
          "color": "#232323",
          "fillColor": "#e8718d",
          "weight": 1.0,
          "opacity": 1.0,
          "fillOpacity": 0.6,
          "radius": 10.962,
          "dashArray": null
        }
      }
    },
    {
      "type": "Feature",
      "geometry": {
        "coordinates": [
          0.710743,
          47.361558
        ],
        "type": "Point"
      },
      "properties": {
        "Caisse": "371",
        "Commune": "TOURS",
        "Adresse": "RUE CHARLES DE FOUCAULD",
        "_qgis_class_val": "default",
        "_qgis_style": {
          "color": "#232323",
          "fillColor": "#e8718d",
          "weight": 1.0,
          "opacity": 1.0,
          "fillOpacity": 0.6,
          "radius": 10.962,
          "dashArray": null
        }
      }
    },
    {
      "type": "Feature",
      "geometry": {
        "coordinates": [
          2.212994,
          46.605481
        ],
        "type": "Point"
      },
      "properties": {
        "Caisse": "181",
        "Commune": "BEDDES",
        "Adresse": "GRD RUE",
        "_qgis_class_val": "default",
        "_qgis_style": {
          "color": "#232323",
          "fillColor": "#e8718d",
          "weight": 1.0,
          "opacity": 1.0,
          "fillOpacity": 0.6,
          "radius": 10.962,
          "dashArray": null
        }
      }
    },
    {
      "type": "Feature",
      "geometry": {
        "coordinates": [
          1.697257,
          46.819512
        ],
        "type": "Point"
      },
      "properties": {
        "Caisse": "361",
        "Commune": "BP 145",
        "Adresse": "AVE MARCEL LEMOINE",
        "_qgis_class_val": "default",
        "_qgis_style": {
          "color": "#232323",
          "fillColor": "#e8718d",
          "weight": 1.0,
          "opacity": 1.0,
          "fillOpacity": 0.6,
          "radius": 10.962,
          "dashArray": null
        }
      }
    },
    {
      "type": "Feature",
      "geometry": {
        "coordinates": [
          1.82197,
          47.209032
        ],
        "type": "Point"
      },
      "properties": {
        "Caisse": "361",
        "Commune": "BP 216",
        "Adresse": "R DE LA VALLEE SAINT LOUIS",
        "_qgis_class_val": "default",
        "_qgis_style": {
          "color": "#232323",
          "fillColor": "#e8718d",
          "weight": 1.0,
          "opacity": 1.0,
          "fillOpacity": 0.6,
          "radius": 10.962,
          "dashArray": null
        }
      }
    },
    {
      "type": "Feature",
      "geometry": {
        "coordinates": [
          2.503043,
          47.88526
        ],
        "type": "Point"
      },
      "properties": {
        "Caisse": "451",
        "Commune": "LORRIS",
        "Adresse": "FBG D ORLEANS",
        "_qgis_class_val": "default",
        "_qgis_style": {
          "color": "#232323",
          "fillColor": "#e8718d",
          "weight": 1.0,
          "opacity": 1.0,
          "fillOpacity": 0.6,
          "radius": 10.962,
          "dashArray": null
        }
      }
    },
    {
      "type": "Feature",
      "geometry": {
        "coordinates": [
          2.681885,
          47.943048
        ],
        "type": "Point"
      },
      "properties": {
        "Caisse": "451",
        "Commune": "VIMORY",
        "Adresse": "RTE D OUSSOY",
        "_qgis_class_val": "default",
        "_qgis_style": {
          "color": "#232323",
          "fillColor": "#e8718d",
          "weight": 1.0,
          "opacity": 1.0,
          "fillOpacity": 0.6,
          "radius": 10.962,
          "dashArray": null
        }
      }
    },
    {
      "type": "Feature",
      "geometry": {
        "coordinates": [
          2.124417,
          47.863139
        ],
        "type": "Point"
      },
      "properties": {
        "Caisse": "451",
        "Commune": "JARGEAU",
        "Adresse": "RES DU CHAMP FLEURI",
        "_qgis_class_val": "default",
        "_qgis_style": {
          "color": "#232323",
          "fillColor": "#e8718d",
          "weight": 1.0,
          "opacity": 1.0,
          "fillOpacity": 0.6,
          "radius": 10.962,
          "dashArray": null
        }
      }
    },
    {
      "type": "Feature",
      "geometry": {
        "coordinates": [
          2.0584,
          47.204969
        ],
        "type": "Point"
      },
      "properties": {
        "Caisse": "181",
        "Commune": "VIERZON",
        "Adresse": "CHE BLANC",
        "_qgis_class_val": "default",
        "_qgis_style": {
          "color": "#232323",
          "fillColor": "#e8718d",
          "weight": 1.0,
          "opacity": 1.0,
          "fillOpacity": 0.6,
          "radius": 10.962,
          "dashArray": null
        }
      }
    },
    {
      "type": "Feature",
      "geometry": {
        "coordinates": [
          1.412683,
          46.883343
        ],
        "type": "Point"
      },
      "properties": {
        "Caisse": "361",
        "Commune": "BUZANCAIS",
        "Adresse": "RUE DES GRANDS CHAMPS",
        "_qgis_class_val": "default",
        "_qgis_style": {
          "color": "#232323",
          "fillColor": "#e8718d",
          "weight": 1.0,
          "opacity": 1.0,
          "fillOpacity": 0.6,
          "radius": 10.962,
          "dashArray": null
        }
      }
    },
    {
      "type": "Feature",
      "geometry": {
        "coordinates": [
          2.739079,
          48.000404
        ],
        "type": "Point"
      },
      "properties": {
        "Caisse": "451",
        "Commune": "MONTARGIS",
        "Adresse": "RUE DU GRAND CLOS",
        "_qgis_class_val": "default",
        "_qgis_style": {
          "color": "#232323",
          "fillColor": "#e8718d",
          "weight": 1.0,
          "opacity": 1.0,
          "fillOpacity": 0.6,
          "radius": 10.962,
          "dashArray": null
        }
      }
    },
    {
      "type": "Feature",
      "geometry": {
        "coordinates": [
          2.626776,
          47.704881
        ],
        "type": "Point"
      },
      "properties": {
        "Caisse": "451",
        "Commune": "GIEN CEDEX",
        "Adresse": "RUE ANTOINE DE LAVOISIER",
        "_qgis_class_val": "default",
        "_qgis_style": {
          "color": "#232323",
          "fillColor": "#e8718d",
          "weight": 1.0,
          "opacity": 1.0,
          "fillOpacity": 0.6,
          "radius": 10.962,
          "dashArray": null
        }
      }
    },
    {
      "type": "Feature",
      "geometry": {
        "coordinates": [
          1.71227,
          46.798521
        ],
        "type": "Point"
      },
      "properties": {
        "Caisse": "361",
        "Commune": "CHATEAUROUX",
        "Adresse": "BVD BLAISE PASCAL",
        "_qgis_class_val": "default",
        "_qgis_style": {
          "color": "#232323",
          "fillColor": "#e8718d",
          "weight": 1.0,
          "opacity": 1.0,
          "fillOpacity": 0.6,
          "radius": 10.962,
          "dashArray": null
        }
      }
    },
    {
      "type": "Feature",
      "geometry": {
        "coordinates": [
          1.713346,
          46.794554
        ],
        "type": "Point"
      },
      "properties": {
        "Caisse": "361",
        "Commune": "CHATEAUROUX",
        "Adresse": "RUE DES INGRAINS",
        "_qgis_class_val": "default",
        "_qgis_style": {
          "color": "#232323",
          "fillColor": "#e8718d",
          "weight": 1.0,
          "opacity": 1.0,
          "fillOpacity": 0.6,
          "radius": 10.962,
          "dashArray": null
        }
      }
    },
    {
      "type": "Feature",
      "geometry": {
        "coordinates": [
          1.697078,
          46.811589
        ],
        "type": "Point"
      },
      "properties": {
        "Caisse": "361",
        "Commune": "CHATEAUROUX",
        "Adresse": "CRS SAINT LUC",
        "_qgis_class_val": "default",
        "_qgis_style": {
          "color": "#232323",
          "fillColor": "#e8718d",
          "weight": 1.0,
          "opacity": 1.0,
          "fillOpacity": 0.6,
          "radius": 10.962,
          "dashArray": null
        }
      }
    },
    {
      "type": "Feature",
      "geometry": {
        "coordinates": [
          1.70269,
          46.811828
        ],
        "type": "Point"
      },
      "properties": {
        "Caisse": "361",
        "Commune": "CHATEAUROUX",
        "Adresse": "RUE DE MOUSSEAUX",
        "_qgis_class_val": "default",
        "_qgis_style": {
          "color": "#232323",
          "fillColor": "#e8718d",
          "weight": 1.0,
          "opacity": 1.0,
          "fillOpacity": 0.6,
          "radius": 10.962,
          "dashArray": null
        }
      }
    },
    {
      "type": "Feature",
      "geometry": {
        "coordinates": [
          1.525432,
          46.717733
        ],
        "type": "Point"
      },
      "properties": {
        "Caisse": "361",
        "Commune": "LA PEROUILLE",
        "Adresse": "LA MAISON ROUGE",
        "_qgis_class_val": "default",
        "_qgis_style": {
          "color": "#232323",
          "fillColor": "#e8718d",
          "weight": 1.0,
          "opacity": 1.0,
          "fillOpacity": 0.6,
          "radius": 10.962,
          "dashArray": null
        }
      }
    },
    {
      "type": "Feature",
      "geometry": {
        "coordinates": [
          2.702106,
          47.986909
        ],
        "type": "Point"
      },
      "properties": {
        "Caisse": "451",
        "Commune": "VILLEMANDEUR",
        "Adresse": "RUE DES DEPORTES",
        "_qgis_class_val": "default",
        "_qgis_style": {
          "color": "#232323",
          "fillColor": "#e8718d",
          "weight": 1.0,
          "opacity": 1.0,
          "fillOpacity": 0.6,
          "radius": 10.962,
          "dashArray": null
        }
      }
    },
    {
      "type": "Feature",
      "geometry": {
        "coordinates": [
          1.687548,
          47.769522
        ],
        "type": "Point"
      },
      "properties": {
        "Caisse": "451",
        "Commune": "LAILLY EN VAL",
        "Adresse": "RUE DES ECOLES",
        "_qgis_class_val": "default",
        "_qgis_style": {
          "color": "#232323",
          "fillColor": "#e8718d",
          "weight": 1.0,
          "opacity": 1.0,
          "fillOpacity": 0.6,
          "radius": 10.962,
          "dashArray": null
        }
      }
    },
    {
      "type": "Feature",
      "geometry": {
        "coordinates": [
          1.888381,
          47.269287
        ],
        "type": "Point"
      },
      "properties": {
        "Caisse": "411",
        "Commune": "CHATRES SUR CHER",
        "Adresse": "RUE DU MAUVIAN",
        "_qgis_class_val": "default",
        "_qgis_style": {
          "color": "#232323",
          "fillColor": "#e8718d",
          "weight": 1.0,
          "opacity": 1.0,
          "fillOpacity": 0.6,
          "radius": 10.962,
          "dashArray": null
        }
      }
    },
    {
      "type": "Feature",
      "geometry": {
        "coordinates": [
          1.967238,
          47.907106
        ],
        "type": "Point"
      },
      "properties": {
        "Caisse": "451",
        "Commune": "ST JEAN DE BRAYE",
        "Adresse": "RUE DE LA BRAYE",
        "_qgis_class_val": "default",
        "_qgis_style": {
          "color": "#232323",
          "fillColor": "#e8718d",
          "weight": 1.0,
          "opacity": 1.0,
          "fillOpacity": 0.6,
          "radius": 10.962,
          "dashArray": null
        }
      }
    },
    {
      "type": "Feature",
      "geometry": {
        "coordinates": [
          2.495843,
          47.101092
        ],
        "type": "Point"
      },
      "properties": {
        "Caisse": "451",
        "Commune": "ST GERMAIN DU PUY",
        "Adresse": "ALL DE LA GRANDE PIECE",
        "_qgis_class_val": "default",
        "_qgis_style": {
          "color": "#232323",
          "fillColor": "#e8718d",
          "weight": 1.0,
          "opacity": 1.0,
          "fillOpacity": 0.6,
          "radius": 10.962,
          "dashArray": null
        }
      }
    },
    {
      "type": "Feature",
      "geometry": {
        "coordinates": [
          2.135907,
          48.067972
        ],
        "type": "Point"
      },
      "properties": {
        "Caisse": "451",
        "Commune": "CHILLEURS AUX BOIS",
        "Adresse": "RUE DES JONQUILLES",
        "_qgis_class_val": "default",
        "_qgis_style": {
          "color": "#232323",
          "fillColor": "#e8718d",
          "weight": 1.0,
          "opacity": 1.0,
          "fillOpacity": 0.6,
          "radius": 10.962,
          "dashArray": null
        }
      }
    },
    {
      "type": "Feature",
      "geometry": {
        "coordinates": [
          1.917493,
          47.926433
        ],
        "type": "Point"
      },
      "properties": {
        "Caisse": "451",
        "Commune": "FLEURY LES AUBRAIS",
        "Adresse": "RUE MARX DORMOY",
        "_qgis_class_val": "default",
        "_qgis_style": {
          "color": "#232323",
          "fillColor": "#e8718d",
          "weight": 1.0,
          "opacity": 1.0,
          "fillOpacity": 0.6,
          "radius": 10.962,
          "dashArray": null
        }
      }
    },
    {
      "type": "Feature",
      "geometry": {
        "coordinates": [
          1.904611,
          47.932978
        ],
        "type": "Point"
      },
      "properties": {
        "Caisse": "451",
        "Commune": "FLEURY LES AUBRAIS",
        "Adresse": "RUE DES ERABLES",
        "_qgis_class_val": "default",
        "_qgis_style": {
          "color": "#232323",
          "fillColor": "#e8718d",
          "weight": 1.0,
          "opacity": 1.0,
          "fillOpacity": 0.6,
          "radius": 10.962,
          "dashArray": null
        }
      }
    },
    {
      "type": "Feature",
      "geometry": {
        "coordinates": [
          1.73052,
          47.37006
        ],
        "type": "Point"
      },
      "properties": {
        "Caisse": "411",
        "Commune": "ROMORANTIN LANTHENAY",
        "Adresse": "ALL PIERRE VIVIER",
        "_qgis_class_val": "default",
        "_qgis_style": {
          "color": "#232323",
          "fillColor": "#e8718d",
          "weight": 1.0,
          "opacity": 1.0,
          "fillOpacity": 0.6,
          "radius": 10.962,
          "dashArray": null
        }
      }
    },
    {
      "type": "Feature",
      "geometry": {
        "coordinates": [
          1.752997,
          47.347412
        ],
        "type": "Point"
      },
      "properties": {
        "Caisse": "411",
        "Commune": "ROMORANTIN LANTHENAY",
        "Adresse": "AVE DES FAVIGNOLLES",
        "_qgis_class_val": "default",
        "_qgis_style": {
          "color": "#232323",
          "fillColor": "#e8718d",
          "weight": 1.0,
          "opacity": 1.0,
          "fillOpacity": 0.6,
          "radius": 10.962,
          "dashArray": null
        }
      }
    },
    {
      "type": "Feature",
      "geometry": {
        "coordinates": [
          1.849549,
          47.894691
        ],
        "type": "Point"
      },
      "properties": {
        "Caisse": "451",
        "Commune": "LA CHAPELLE ST MESMIN",
        "Adresse": "RUE DE LA NOUE",
        "_qgis_class_val": "default",
        "_qgis_style": {
          "color": "#232323",
          "fillColor": "#e8718d",
          "weight": 1.0,
          "opacity": 1.0,
          "fillOpacity": 0.6,
          "radius": 10.962,
          "dashArray": null
        }
      }
    },
    {
      "type": "Feature",
      "geometry": {
        "coordinates": [
          2.929308,
          47.851991
        ],
        "type": "Point"
      },
      "properties": {
        "Caisse": "451",
        "Commune": "ST MAURICE SUR AVEYRON",
        "Adresse": "RUE DU CLOS LOUIS",
        "_qgis_class_val": "default",
        "_qgis_style": {
          "color": "#232323",
          "fillColor": "#e8718d",
          "weight": 1.0,
          "opacity": 1.0,
          "fillOpacity": 0.6,
          "radius": 10.962,
          "dashArray": null
        }
      }
    },
    {
      "type": "Feature",
      "geometry": {
        "coordinates": [
          1.341659,
          47.596204
        ],
        "type": "Point"
      },
      "properties": {
        "Caisse": "411",
        "Commune": "BLOIS",
        "Adresse": "AVE DU MARECHAL MAUNOURY",
        "_qgis_class_val": "default",
        "_qgis_style": {
          "color": "#232323",
          "fillColor": "#e8718d",
          "weight": 1.0,
          "opacity": 1.0,
          "fillOpacity": 0.6,
          "radius": 10.962,
          "dashArray": null
        }
      }
    },
    {
      "type": "Feature",
      "geometry": {
        "coordinates": [
          1.341659,
          47.596204
        ],
        "type": "Point"
      },
      "properties": {
        "Caisse": "411",
        "Commune": "BLOIS",
        "Adresse": "AVE DU MARECHAL MAUNOURY",
        "_qgis_class_val": "default",
        "_qgis_style": {
          "color": "#232323",
          "fillColor": "#e8718d",
          "weight": 1.0,
          "opacity": 1.0,
          "fillOpacity": 0.6,
          "radius": 10.962,
          "dashArray": null
        }
      }
    },
    {
      "type": "Feature",
      "geometry": {
        "coordinates": [
          1.33251,
          47.585459
        ],
        "type": "Point"
      },
      "properties": {
        "Caisse": "411",
        "Commune": "BLOIS",
        "Adresse": "RUE DES VIOLETTES",
        "_qgis_class_val": "default",
        "_qgis_style": {
          "color": "#232323",
          "fillColor": "#e8718d",
          "weight": 1.0,
          "opacity": 1.0,
          "fillOpacity": 0.6,
          "radius": 10.962,
          "dashArray": null
        }
      }
    },
    {
      "type": "Feature",
      "geometry": {
        "coordinates": [
          1.889058,
          47.95026
        ],
        "type": "Point"
      },
      "properties": {
        "Caisse": "451",
        "Commune": "SARAN",
        "Adresse": "RUE PABLO PICASSO",
        "_qgis_class_val": "default",
        "_qgis_style": {
          "color": "#232323",
          "fillColor": "#e8718d",
          "weight": 1.0,
          "opacity": 1.0,
          "fillOpacity": 0.6,
          "radius": 10.962,
          "dashArray": null
        }
      }
    },
    {
      "type": "Feature",
      "geometry": {
        "coordinates": [
          0.690384,
          47.416856
        ],
        "type": "Point"
      },
      "properties": {
        "Caisse": "371",
        "Commune": "TOURS",
        "Adresse": "AVE ANDRE MAGINOT",
        "_qgis_class_val": "default",
        "_qgis_style": {
          "color": "#232323",
          "fillColor": "#e8718d",
          "weight": 1.0,
          "opacity": 1.0,
          "fillOpacity": 0.6,
          "radius": 10.962,
          "dashArray": null
        }
      }
    },
    {
      "type": "Feature",
      "geometry": {
        "coordinates": [
          2.243213,
          48.080359
        ],
        "type": "Point"
      },
      "properties": {
        "Caisse": "451",
        "Commune": "VRIGNY",
        "Adresse": "RUE DES ECOLES",
        "_qgis_class_val": "default",
        "_qgis_style": {
          "color": "#232323",
          "fillColor": "#e8718d",
          "weight": 1.0,
          "opacity": 1.0,
          "fillOpacity": 0.6,
          "radius": 10.962,
          "dashArray": null
        }
      }
    },
    {
      "type": "Feature",
      "geometry": {
        "coordinates": [
          1.670308,
          47.589205
        ],
        "type": "Point"
      },
      "properties": {
        "Caisse": "411",
        "Commune": "DHUIZON",
        "Adresse": "RUE DE VILLENY",
        "_qgis_class_val": "default",
        "_qgis_style": {
          "color": "#232323",
          "fillColor": "#e8718d",
          "weight": 1.0,
          "opacity": 1.0,
          "fillOpacity": 0.6,
          "radius": 10.962,
          "dashArray": null
        }
      }
    },
    {
      "type": "Feature",
      "geometry": {
        "coordinates": [
          1.881945,
          47.89943
        ],
        "type": "Point"
      },
      "properties": {
        "Caisse": "451",
        "Commune": "ORLEANS",
        "Adresse": "PL LOUIS ARMAND",
        "_qgis_class_val": "default",
        "_qgis_style": {
          "color": "#232323",
          "fillColor": "#e8718d",
          "weight": 1.0,
          "opacity": 1.0,
          "fillOpacity": 0.6,
          "radius": 10.962,
          "dashArray": null
        }
      }
    },
    {
      "type": "Feature",
      "geometry": {
        "coordinates": [
          1.913271,
          47.919119
        ],
        "type": "Point"
      },
      "properties": {
        "Caisse": "451",
        "Commune": "ORLEANS",
        "Adresse": "RUE DU CLOS DES MOULINS",
        "_qgis_class_val": "default",
        "_qgis_style": {
          "color": "#232323",
          "fillColor": "#e8718d",
          "weight": 1.0,
          "opacity": 1.0,
          "fillOpacity": 0.6,
          "radius": 10.962,
          "dashArray": null
        }
      }
    },
    {
      "type": "Feature",
      "geometry": {
        "coordinates": [
          1.929733,
          47.911705
        ],
        "type": "Point"
      },
      "properties": {
        "Caisse": "451",
        "Commune": "CS 75719",
        "Adresse": "RUE JEAN PHILIPPE RAMEAU",
        "_qgis_class_val": "default",
        "_qgis_style": {
          "color": "#232323",
          "fillColor": "#e8718d",
          "weight": 1.0,
          "opacity": 1.0,
          "fillOpacity": 0.6,
          "radius": 10.962,
          "dashArray": null
        }
      }
    },
    {
      "type": "Feature",
      "geometry": {
        "coordinates": [
          1.981936,
          46.939164
        ],
        "type": "Point"
      },
      "properties": {
        "Caisse": "361",
        "Commune": "ISSOUDUN",
        "Adresse": "RUE DES TERRES ROUGES",
        "_qgis_class_val": "default",
        "_qgis_style": {
          "color": "#232323",
          "fillColor": "#e8718d",
          "weight": 1.0,
          "opacity": 1.0,
          "fillOpacity": 0.6,
          "radius": 10.962,
          "dashArray": null
        }
      }
    },
    {
      "type": "Feature",
      "geometry": {
        "coordinates": [
          2.734004,
          47.994749
        ],
        "type": "Point"
      },
      "properties": {
        "Caisse": "451",
        "Commune": "MONTARGIS",
        "Adresse": "BD DES BELLES MANIERES",
        "_qgis_class_val": "default",
        "_qgis_style": {
          "color": "#232323",
          "fillColor": "#e8718d",
          "weight": 1.0,
          "opacity": 1.0,
          "fillOpacity": 0.6,
          "radius": 10.962,
          "dashArray": null
        }
      }
    },
    {
      "type": "Feature",
      "geometry": {
        "coordinates": [
          0.315717,
          47.017507
        ],
        "type": "Point"
      },
      "properties": {
        "Caisse": "371",
        "Commune": "RICHELIEU",
        "Adresse": "PL DU 8 MAI 1945",
        "_qgis_class_val": "default",
        "_qgis_style": {
          "color": "#232323",
          "fillColor": "#e8718d",
          "weight": 1.0,
          "opacity": 1.0,
          "fillOpacity": 0.6,
          "radius": 10.962,
          "dashArray": null
        }
      }
    },
    {
      "type": "Feature",
      "geometry": {
        "coordinates": [
          1.50688,
          46.602195
        ],
        "type": "Point"
      },
      "properties": {
        "Caisse": "361",
        "Commune": "ST MARCEL",
        "Adresse": "RUE LOUIS PINOTEAU",
        "_qgis_class_val": "default",
        "_qgis_style": {
          "color": "#232323",
          "fillColor": "#e8718d",
          "weight": 1.0,
          "opacity": 1.0,
          "fillOpacity": 0.6,
          "radius": 10.962,
          "dashArray": null
        }
      }
    },
    {
      "type": "Feature",
      "geometry": {
        "coordinates": [
          1.919059,
          48.057612
        ],
        "type": "Point"
      },
      "properties": {
        "Caisse": "451",
        "Commune": "BUCY LE ROI",
        "Adresse": "RUE DE L EGLISE",
        "_qgis_class_val": "default",
        "_qgis_style": {
          "color": "#232323",
          "fillColor": "#e8718d",
          "weight": 1.0,
          "opacity": 1.0,
          "fillOpacity": 0.6,
          "radius": 10.962,
          "dashArray": null
        }
      }
    },
    {
      "type": "Feature",
      "geometry": {
        "coordinates": [
          1.70269,
          46.811828
        ],
        "type": "Point"
      },
      "properties": {
        "Caisse": "361",
        "Commune": "CHATEAUROUX",
        "Adresse": "RUE DE MOUSSEAUX",
        "_qgis_class_val": "default",
        "_qgis_style": {
          "color": "#232323",
          "fillColor": "#e8718d",
          "weight": 1.0,
          "opacity": 1.0,
          "fillOpacity": 0.6,
          "radius": 10.962,
          "dashArray": null
        }
      }
    },
    {
      "type": "Feature",
      "geometry": {
        "coordinates": [
          2.627107,
          48.029791
        ],
        "type": "Point"
      },
      "properties": {
        "Caisse": "451",
        "Commune": "VILLEVOQUES",
        "Adresse": "RUE DU MOULIN",
        "_qgis_class_val": "default",
        "_qgis_style": {
          "color": "#232323",
          "fillColor": "#e8718d",
          "weight": 1.0,
          "opacity": 1.0,
          "fillOpacity": 0.6,
          "radius": 10.962,
          "dashArray": null
        }
      }
    },
    {
      "type": "Feature",
      "geometry": {
        "coordinates": [
          1.351551,
          47.24087
        ],
        "type": "Point"
      },
      "properties": {
        "Caisse": "411",
        "Commune": "CHATEAUVIEUX",
        "Adresse": "CHE DE LA TOUCHE",
        "_qgis_class_val": "default",
        "_qgis_style": {
          "color": "#232323",
          "fillColor": "#e8718d",
          "weight": 1.0,
          "opacity": 1.0,
          "fillOpacity": 0.6,
          "radius": 10.962,
          "dashArray": null
        }
      }
    },
    {
      "type": "Feature",
      "geometry": {
        "coordinates": [
          1.100306,
          47.058331
        ],
        "type": "Point"
      },
      "properties": {
        "Caisse": "371",
        "Commune": "ST HIPPOLYTE",
        "Adresse": "PL DU 27 AOUT 1944",
        "_qgis_class_val": "default",
        "_qgis_style": {
          "color": "#232323",
          "fillColor": "#e8718d",
          "weight": 1.0,
          "opacity": 1.0,
          "fillOpacity": 0.6,
          "radius": 10.962,
          "dashArray": null
        }
      }
    },
    {
      "type": "Feature",
      "geometry": {
        "coordinates": [
          0.745594,
          47.440221
        ],
        "type": "Point"
      },
      "properties": {
        "Caisse": "371",
        "Commune": "PARCAY MESLAY",
        "Adresse": "RUE DE LA MAIRIE",
        "_qgis_class_val": "default",
        "_qgis_style": {
          "color": "#232323",
          "fillColor": "#e8718d",
          "weight": 1.0,
          "opacity": 1.0,
          "fillOpacity": 0.6,
          "radius": 10.962,
          "dashArray": null
        }
      }
    },
    {
      "type": "Feature",
      "geometry": {
        "coordinates": [
          2.324601,
          47.840782
        ],
        "type": "Point"
      },
      "properties": {
        "Caisse": "451",
        "Commune": "BRAY ST AIGNAN",
        "Adresse": "CHE DU SENTIER A L ANE",
        "_qgis_class_val": "default",
        "_qgis_style": {
          "color": "#232323",
          "fillColor": "#e8718d",
          "weight": 1.0,
          "opacity": 1.0,
          "fillOpacity": 0.6,
          "radius": 10.962,
          "dashArray": null
        }
      }
    },
    {
      "type": "Feature",
      "geometry": {
        "coordinates": [
          1.761059,
          47.828004
        ],
        "type": "Point"
      },
      "properties": {
        "Caisse": "451",
        "Commune": "CLERY ST ANDRE",
        "Adresse": "PL DE SAINT ANDRE",
        "_qgis_class_val": "default",
        "_qgis_style": {
          "color": "#232323",
          "fillColor": "#e8718d",
          "weight": 1.0,
          "opacity": 1.0,
          "fillOpacity": 0.6,
          "radius": 10.962,
          "dashArray": null
        }
      }
    },
    {
      "type": "Feature",
      "geometry": {
        "coordinates": [
          1.403762,
          47.276355
        ],
        "type": "Point"
      },
      "properties": {
        "Caisse": "411",
        "Commune": "NOYERS SUR CHER",
        "Adresse": "RUE DE BEAUSEJOUR",
        "_qgis_class_val": "default",
        "_qgis_style": {
          "color": "#232323",
          "fillColor": "#e8718d",
          "weight": 1.0,
          "opacity": 1.0,
          "fillOpacity": 0.6,
          "radius": 10.962,
          "dashArray": null
        }
      }
    },
    {
      "type": "Feature",
      "geometry": {
        "coordinates": [
          1.929733,
          47.911705
        ],
        "type": "Point"
      },
      "properties": {
        "Caisse": "451",
        "Commune": "ORLEANS CEDEX 1",
        "Adresse": "RUE JEAN PHILIPPE RAMEAU",
        "_qgis_class_val": "default",
        "_qgis_style": {
          "color": "#232323",
          "fillColor": "#e8718d",
          "weight": 1.0,
          "opacity": 1.0,
          "fillOpacity": 0.6,
          "radius": 10.962,
          "dashArray": null
        }
      }
    },
    {
      "type": "Feature",
      "geometry": {
        "coordinates": [
          2.372915,
          47.758833
        ],
        "type": "Point"
      },
      "properties": {
        "Caisse": "451",
        "Commune": "SULLY SUR LOIRE",
        "Adresse": "R MAL DE LATTRE DE TASSIGNY",
        "_qgis_class_val": "default",
        "_qgis_style": {
          "color": "#232323",
          "fillColor": "#e8718d",
          "weight": 1.0,
          "opacity": 1.0,
          "fillOpacity": 0.6,
          "radius": 10.962,
          "dashArray": null
        }
      }
    },
    {
      "type": "Feature",
      "geometry": {
        "coordinates": [
          0.475131,
          47.601528
        ],
        "type": "Point"
      },
      "properties": {
        "Caisse": "371",
        "Commune": "ST PATERNE RACAN",
        "Adresse": "RUE DE LA BESNARDIERE",
        "_qgis_class_val": "default",
        "_qgis_style": {
          "color": "#232323",
          "fillColor": "#e8718d",
          "weight": 1.0,
          "opacity": 1.0,
          "fillOpacity": 0.6,
          "radius": 10.962,
          "dashArray": null
        }
      }
    },
    {
      "type": "Feature",
      "geometry": {
        "coordinates": [
          2.738676,
          48.015367
        ],
        "type": "Point"
      },
      "properties": {
        "Caisse": "451",
        "Commune": "CHALETTE SUR LOING",
        "Adresse": "AV DU GENERAL LECLERC",
        "_qgis_class_val": "default",
        "_qgis_style": {
          "color": "#232323",
          "fillColor": "#e8718d",
          "weight": 1.0,
          "opacity": 1.0,
          "fillOpacity": 0.6,
          "radius": 10.962,
          "dashArray": null
        }
      }
    },
    {
      "type": "Feature",
      "geometry": {
        "coordinates": [
          2.715873,
          48.017665
        ],
        "type": "Point"
      },
      "properties": {
        "Caisse": "451",
        "Commune": "CHALETTE SUR LOING",
        "Adresse": "RUE ROGER SALENGRO",
        "_qgis_class_val": "default",
        "_qgis_style": {
          "color": "#232323",
          "fillColor": "#e8718d",
          "weight": 1.0,
          "opacity": 1.0,
          "fillOpacity": 0.6,
          "radius": 10.962,
          "dashArray": null
        }
      }
    },
    {
      "type": "Feature",
      "geometry": {
        "coordinates": [
          1.440775,
          48.428645
        ],
        "type": "Point"
      },
      "properties": {
        "Caisse": "281",
        "Commune": "LUCE",
        "Adresse": "RUE JEAN COCTEAU",
        "_qgis_class_val": "default",
        "_qgis_style": {
          "color": "#232323",
          "fillColor": "#e8718d",
          "weight": 1.0,
          "opacity": 1.0,
          "fillOpacity": 0.6,
          "radius": 10.962,
          "dashArray": null
        }
      }
    },
    {
      "type": "Feature",
      "geometry": {
        "coordinates": [
          1.463476,
          48.434336
        ],
        "type": "Point"
      },
      "properties": {
        "Caisse": "281",
        "Commune": "LUCE",
        "Adresse": "RUE DU VIEUX PUITS",
        "_qgis_class_val": "default",
        "_qgis_style": {
          "color": "#232323",
          "fillColor": "#e8718d",
          "weight": 1.0,
          "opacity": 1.0,
          "fillOpacity": 0.6,
          "radius": 10.962,
          "dashArray": null
        }
      }
    },
    {
      "type": "Feature",
      "geometry": {
        "coordinates": [
          1.397464,
          48.740079
        ],
        "type": "Point"
      },
      "properties": {
        "Caisse": "281",
        "Commune": "DREUX",
        "Adresse": "RUE DABERT PELTIER",
        "_qgis_class_val": "default",
        "_qgis_style": {
          "color": "#232323",
          "fillColor": "#e8718d",
          "weight": 1.0,
          "opacity": 1.0,
          "fillOpacity": 0.6,
          "radius": 10.962,
          "dashArray": null
        }
      }
    },
    {
      "type": "Feature",
      "geometry": {
        "coordinates": [
          1.347895,
          48.772651
        ],
        "type": "Point"
      },
      "properties": {
        "Caisse": "281",
        "Commune": "DREUX",
        "Adresse": "CHE DES RUELLES",
        "_qgis_class_val": "default",
        "_qgis_style": {
          "color": "#232323",
          "fillColor": "#e8718d",
          "weight": 1.0,
          "opacity": 1.0,
          "fillOpacity": 0.6,
          "radius": 10.962,
          "dashArray": null
        }
      }
    },
    {
      "type": "Feature",
      "geometry": {
        "coordinates": [
          0.69692,
          47.361811
        ],
        "type": "Point"
      },
      "properties": {
        "Caisse": "371",
        "Commune": "TOURS",
        "Adresse": "ALL MADAME DE GRIGNAN",
        "_qgis_class_val": "default",
        "_qgis_style": {
          "color": "#232323",
          "fillColor": "#e8718d",
          "weight": 1.0,
          "opacity": 1.0,
          "fillOpacity": 0.6,
          "radius": 10.962,
          "dashArray": null
        }
      }
    },
    {
      "type": "Feature",
      "geometry": {
        "coordinates": [
          2.424473,
          47.107314
        ],
        "type": "Point"
      },
      "properties": {
        "Caisse": "181",
        "Commune": "BOURGES",
        "Adresse": "RUE GEORGES CAZIN",
        "_qgis_class_val": "default",
        "_qgis_style": {
          "color": "#232323",
          "fillColor": "#e8718d",
          "weight": 1.0,
          "opacity": 1.0,
          "fillOpacity": 0.6,
          "radius": 10.962,
          "dashArray": null
        }
      }
    },
    {
      "type": "Feature",
      "geometry": {
        "coordinates": [
          2.42358,
          47.08224
        ],
        "type": "Point"
      },
      "properties": {
        "Caisse": "181",
        "Commune": "BOURGES",
        "Adresse": "RUE JEAN MERCIER",
        "_qgis_class_val": "default",
        "_qgis_style": {
          "color": "#232323",
          "fillColor": "#e8718d",
          "weight": 1.0,
          "opacity": 1.0,
          "fillOpacity": 0.6,
          "radius": 10.962,
          "dashArray": null
        }
      }
    },
    {
      "type": "Feature",
      "geometry": {
        "coordinates": [
          2.398769,
          47.080385
        ],
        "type": "Point"
      },
      "properties": {
        "Caisse": "181",
        "Commune": "BOURGES",
        "Adresse": "RUE JACQUES RIMBAULT",
        "_qgis_class_val": "default",
        "_qgis_style": {
          "color": "#232323",
          "fillColor": "#e8718d",
          "weight": 1.0,
          "opacity": 1.0,
          "fillOpacity": 0.6,
          "radius": 10.962,
          "dashArray": null
        }
      }
    },
    {
      "type": "Feature",
      "geometry": {
        "coordinates": [
          2.406691,
          47.072715
        ],
        "type": "Point"
      },
      "properties": {
        "Caisse": "181",
        "Commune": "BOURGES",
        "Adresse": "RUE ABBE PIERRE",
        "_qgis_class_val": "default",
        "_qgis_style": {
          "color": "#232323",
          "fillColor": "#e8718d",
          "weight": 1.0,
          "opacity": 1.0,
          "fillOpacity": 0.6,
          "radius": 10.962,
          "dashArray": null
        }
      }
    },
    {
      "type": "Feature",
      "geometry": {
        "coordinates": [
          2.401116,
          47.086294
        ],
        "type": "Point"
      },
      "properties": {
        "Caisse": "181",
        "Commune": "BOURGES",
        "Adresse": "RUE VOLTAIRE",
        "_qgis_class_val": "default",
        "_qgis_style": {
          "color": "#232323",
          "fillColor": "#e8718d",
          "weight": 1.0,
          "opacity": 1.0,
          "fillOpacity": 0.6,
          "radius": 10.962,
          "dashArray": null
        }
      }
    },
    {
      "type": "Feature",
      "geometry": {
        "coordinates": [
          2.415006,
          47.101253
        ],
        "type": "Point"
      },
      "properties": {
        "Caisse": "181",
        "Commune": "BOURGES",
        "Adresse": "RUE PAUL VERLAINE",
        "_qgis_class_val": "default",
        "_qgis_style": {
          "color": "#232323",
          "fillColor": "#e8718d",
          "weight": 1.0,
          "opacity": 1.0,
          "fillOpacity": 0.6,
          "radius": 10.962,
          "dashArray": null
        }
      }
    },
    {
      "type": "Feature",
      "geometry": {
        "coordinates": [
          2.395319,
          47.064121
        ],
        "type": "Point"
      },
      "properties": {
        "Caisse": "181",
        "Commune": "BOURGES",
        "Adresse": "RUE MARCEL ET RENE CHERRIER",
        "_qgis_class_val": "default",
        "_qgis_style": {
          "color": "#232323",
          "fillColor": "#e8718d",
          "weight": 1.0,
          "opacity": 1.0,
          "fillOpacity": 0.6,
          "radius": 10.962,
          "dashArray": null
        }
      }
    },
    {
      "type": "Feature",
      "geometry": {
        "coordinates": [
          2.362894,
          47.073173
        ],
        "type": "Point"
      },
      "properties": {
        "Caisse": "181",
        "Commune": "BOURGES",
        "Adresse": "CHE TORTIOT",
        "_qgis_class_val": "default",
        "_qgis_style": {
          "color": "#232323",
          "fillColor": "#e8718d",
          "weight": 1.0,
          "opacity": 1.0,
          "fillOpacity": 0.6,
          "radius": 10.962,
          "dashArray": null
        }
      }
    },
    {
      "type": "Feature",
      "geometry": {
        "coordinates": [
          1.506216,
          48.441067
        ],
        "type": "Point"
      },
      "properties": {
        "Caisse": "281",
        "Commune": "CHARTRES",
        "Adresse": "PAS DE SOURS",
        "_qgis_class_val": "default",
        "_qgis_style": {
          "color": "#232323",
          "fillColor": "#e8718d",
          "weight": 1.0,
          "opacity": 1.0,
          "fillOpacity": 0.6,
          "radius": 10.962,
          "dashArray": null
        }
      }
    },
    {
      "type": "Feature",
      "geometry": {
        "coordinates": [
          1.508067,
          48.447775
        ],
        "type": "Point"
      },
      "properties": {
        "Caisse": "281",
        "Commune": "CHARTRES",
        "Adresse": "RUE SAINT VINCENT DE PAUL",
        "_qgis_class_val": "default",
        "_qgis_style": {
          "color": "#232323",
          "fillColor": "#e8718d",
          "weight": 1.0,
          "opacity": 1.0,
          "fillOpacity": 0.6,
          "radius": 10.962,
          "dashArray": null
        }
      }
    },
    {
      "type": "Feature",
      "geometry": {
        "coordinates": [
          1.477026,
          48.443911
        ],
        "type": "Point"
      },
      "properties": {
        "Caisse": "281",
        "Commune": "CHARTRES",
        "Adresse": "RUE GABRIEL PERI",
        "_qgis_class_val": "default",
        "_qgis_style": {
          "color": "#232323",
          "fillColor": "#e8718d",
          "weight": 1.0,
          "opacity": 1.0,
          "fillOpacity": 0.6,
          "radius": 10.962,
          "dashArray": null
        }
      }
    },
    {
      "type": "Feature",
      "geometry": {
        "coordinates": [
          1.929733,
          47.911705
        ],
        "type": "Point"
      },
      "properties": {
        "Caisse": "451",
        "Commune": "CS 75719",
        "Adresse": "RUE JEAN PHILIPPE RAMEAU",
        "_qgis_class_val": "default",
        "_qgis_style": {
          "color": "#232323",
          "fillColor": "#e8718d",
          "weight": 1.0,
          "opacity": 1.0,
          "fillOpacity": 0.6,
          "radius": 10.962,
          "dashArray": null
        }
      }
    },
    {
      "type": "Feature",
      "geometry": {
        "coordinates": [
          1.941793,
          47.254886
        ],
        "type": "Point"
      },
      "properties": {
        "Caisse": "181",
        "Commune": "THENIOUX",
        "Adresse": "CHE DE LA BOURRELLERIE",
        "_qgis_class_val": "default",
        "_qgis_style": {
          "color": "#232323",
          "fillColor": "#e8718d",
          "weight": 1.0,
          "opacity": 1.0,
          "fillOpacity": 0.6,
          "radius": 10.962,
          "dashArray": null
        }
      }
    },
    {
      "type": "Feature",
      "geometry": {
        "coordinates": [
          0.168824,
          47.283841
        ],
        "type": "Point"
      },
      "properties": {
        "Caisse": "371",
        "Commune": "BOURGUEIL",
        "Adresse": "RUE DE L ORANGERIE",
        "_qgis_class_val": "default",
        "_qgis_style": {
          "color": "#232323",
          "fillColor": "#e8718d",
          "weight": 1.0,
          "opacity": 1.0,
          "fillOpacity": 0.6,
          "radius": 10.962,
          "dashArray": null
        }
      }
    },
    {
      "type": "Feature",
      "geometry": {
        "coordinates": [
          1.883783,
          47.98419
        ],
        "type": "Point"
      },
      "properties": {
        "Caisse": "451",
        "Commune": "CERCOTTES",
        "Adresse": "RUE GERMAINE BOURDEAUD",
        "_qgis_class_val": "default",
        "_qgis_style": {
          "color": "#232323",
          "fillColor": "#e8718d",
          "weight": 1.0,
          "opacity": 1.0,
          "fillOpacity": 0.6,
          "radius": 10.962,
          "dashArray": null
        }
      }
    },
    {
      "type": "Feature",
      "geometry": {
        "coordinates": [
          1.369758,
          48.77691
        ],
        "type": "Point"
      },
      "properties": {
        "Caisse": "281",
        "Commune": "MONTREUIL",
        "Adresse": "RUE DES VIGNES",
        "_qgis_class_val": "default",
        "_qgis_style": {
          "color": "#232323",
          "fillColor": "#e8718d",
          "weight": 1.0,
          "opacity": 1.0,
          "fillOpacity": 0.6,
          "radius": 10.962,
          "dashArray": null
        }
      }
    },
    {
      "type": "Feature",
      "geometry": {
        "coordinates": [
          1.700877,
          46.798934
        ],
        "type": "Point"
      },
      "properties": {
        "Caisse": "361",
        "Commune": "CHATEAUROUX",
        "Adresse": "RUE JEAN GIONO",
        "_qgis_class_val": "default",
        "_qgis_style": {
          "color": "#232323",
          "fillColor": "#e8718d",
          "weight": 1.0,
          "opacity": 1.0,
          "fillOpacity": 0.6,
          "radius": 10.962,
          "dashArray": null
        }
      }
    },
    {
      "type": "Feature",
      "geometry": {
        "coordinates": [
          1.469233,
          48.447272
        ],
        "type": "Point"
      },
      "properties": {
        "Caisse": "281",
        "Commune": "MAINVILLIERS",
        "Adresse": "RUE PIERRE DE COUBERTIN",
        "_qgis_class_val": "default",
        "_qgis_style": {
          "color": "#232323",
          "fillColor": "#e8718d",
          "weight": 1.0,
          "opacity": 1.0,
          "fillOpacity": 0.6,
          "radius": 10.962,
          "dashArray": null
        }
      }
    },
    {
      "type": "Feature",
      "geometry": {
        "coordinates": [
          2.362894,
          47.073173
        ],
        "type": "Point"
      },
      "properties": {
        "Caisse": "181",
        "Commune": "BOURGES CEDEX",
        "Adresse": "CHE TORTIOT",
        "_qgis_class_val": "default",
        "_qgis_style": {
          "color": "#232323",
          "fillColor": "#e8718d",
          "weight": 1.0,
          "opacity": 1.0,
          "fillOpacity": 0.6,
          "radius": 10.962,
          "dashArray": null
        }
      }
    },
    {
      "type": "Feature",
      "geometry": {
        "coordinates": [
          0.947107,
          48.197076
        ],
        "type": "Point"
      },
      "properties": {
        "Caisse": "281",
        "Commune": "CHARBONNIERES",
        "Adresse": "LES BRILLONS",
        "_qgis_class_val": "default",
        "_qgis_style": {
          "color": "#232323",
          "fillColor": "#e8718d",
          "weight": 1.0,
          "opacity": 1.0,
          "fillOpacity": 0.6,
          "radius": 10.962,
          "dashArray": null
        }
      }
    },
    {
      "type": "Feature",
      "geometry": {
        "coordinates": [
          2.579334,
          46.881909
        ],
        "type": "Point"
      },
      "properties": {
        "Caisse": "181",
        "Commune": "DUN SUR AURON",
        "Adresse": "RUE BORDEROUSSE",
        "_qgis_class_val": "default",
        "_qgis_style": {
          "color": "#232323",
          "fillColor": "#e8718d",
          "weight": 1.0,
          "opacity": 1.0,
          "fillOpacity": 0.6,
          "radius": 10.962,
          "dashArray": null
        }
      }
    },
    {
      "type": "Feature",
      "geometry": {
        "coordinates": [
          2.644086,
          47.537133
        ],
        "type": "Point"
      },
      "properties": {
        "Caisse": "451",
        "Commune": "CERNOY EN BERRY",
        "Adresse": "LES RENIERS",
        "_qgis_class_val": "default",
        "_qgis_style": {
          "color": "#232323",
          "fillColor": "#e8718d",
          "weight": 1.0,
          "opacity": 1.0,
          "fillOpacity": 0.6,
          "radius": 10.962,
          "dashArray": null
        }
      }
    },
    {
      "type": "Feature",
      "geometry": {
        "coordinates": [
          0.952409,
          47.439908
        ],
        "type": "Point"
      },
      "properties": {
        "Caisse": "371",
        "Commune": "NAZELLES NEGRON",
        "Adresse": "RUE DES TONNELIERS",
        "_qgis_class_val": "default",
        "_qgis_style": {
          "color": "#232323",
          "fillColor": "#e8718d",
          "weight": 1.0,
          "opacity": 1.0,
          "fillOpacity": 0.6,
          "radius": 10.962,
          "dashArray": null
        }
      }
    },
    {
      "type": "Feature",
      "geometry": {
        "coordinates": [
          1.97182,
          47.915843
        ],
        "type": "Point"
      },
      "properties": {
        "Caisse": "451",
        "Commune": "ST JEAN DE BRAYE",
        "Adresse": "77 AVENUE DU GENERAL LECL",
        "_qgis_class_val": "default",
        "_qgis_style": {
          "color": "#232323",
          "fillColor": "#e8718d",
          "weight": 1.0,
          "opacity": 1.0,
          "fillOpacity": 0.6,
          "radius": 10.962,
          "dashArray": null
        }
      }
    },
    {
      "type": "Feature",
      "geometry": {
        "coordinates": [
          0.854339,
          47.374621
        ],
        "type": "Point"
      },
      "properties": {
        "Caisse": "371",
        "Commune": "MONTLOUIS SUR LOIRE",
        "Adresse": "RUE D AZAY",
        "_qgis_class_val": "default",
        "_qgis_style": {
          "color": "#232323",
          "fillColor": "#e8718d",
          "weight": 1.0,
          "opacity": 1.0,
          "fillOpacity": 0.6,
          "radius": 10.962,
          "dashArray": null
        }
      }
    },
    {
      "type": "Feature",
      "geometry": {
        "coordinates": [
          2.371856,
          47.19577
        ],
        "type": "Point"
      },
      "properties": {
        "Caisse": "181",
        "Commune": "ST MARTIN D AUXIGNY",
        "Adresse": "IMP BARDOUX",
        "_qgis_class_val": "default",
        "_qgis_style": {
          "color": "#232323",
          "fillColor": "#e8718d",
          "weight": 1.0,
          "opacity": 1.0,
          "fillOpacity": 0.6,
          "radius": 10.962,
          "dashArray": null
        }
      }
    },
    {
      "type": "Feature",
      "geometry": {
        "coordinates": [
          2.925675,
          46.957287
        ],
        "type": "Point"
      },
      "properties": {
        "Caisse": "181",
        "Commune": "LA GUERCHE SUR L AUBOIS",
        "Adresse": "LE GOULET",
        "_qgis_class_val": "default",
        "_qgis_style": {
          "color": "#232323",
          "fillColor": "#e8718d",
          "weight": 1.0,
          "opacity": 1.0,
          "fillOpacity": 0.6,
          "radius": 10.962,
          "dashArray": null
        }
      }
    },
    {
      "type": "Feature",
      "geometry": {
        "coordinates": [
          2.631339,
          47.688007
        ],
        "type": "Point"
      },
      "properties": {
        "Caisse": "451",
        "Commune": "GIEN",
        "Adresse": "RUE DE NOE",
        "_qgis_class_val": "default",
        "_qgis_style": {
          "color": "#232323",
          "fillColor": "#e8718d",
          "weight": 1.0,
          "opacity": 1.0,
          "fillOpacity": 0.6,
          "radius": 10.962,
          "dashArray": null
        }
      }
    },
    {
      "type": "Feature",
      "geometry": {
        "coordinates": [
          1.341659,
          47.596204
        ],
        "type": "Point"
      },
      "properties": {
        "Caisse": "411",
        "Commune": "BLOIS",
        "Adresse": "AV DU MARECHAL MAUNOURY",
        "_qgis_class_val": "default",
        "_qgis_style": {
          "color": "#232323",
          "fillColor": "#e8718d",
          "weight": 1.0,
          "opacity": 1.0,
          "fillOpacity": 0.6,
          "radius": 10.962,
          "dashArray": null
        }
      }
    },
    {
      "type": "Feature",
      "geometry": {
        "coordinates": [
          1.371132,
          48.738502
        ],
        "type": "Point"
      },
      "properties": {
        "Caisse": "281",
        "Commune": "DREUX",
        "Adresse": "RUE DES CAPUCINS",
        "_qgis_class_val": "default",
        "_qgis_style": {
          "color": "#232323",
          "fillColor": "#e8718d",
          "weight": 1.0,
          "opacity": 1.0,
          "fillOpacity": 0.6,
          "radius": 10.962,
          "dashArray": null
        }
      }
    },
    {
      "type": "Feature",
      "geometry": {
        "coordinates": [
          0.708366,
          47.408805
        ],
        "type": "Point"
      },
      "properties": {
        "Caisse": "371",
        "Commune": "TOURS",
        "Adresse": "RUE JEANNE WEDELLS",
        "_qgis_class_val": "default",
        "_qgis_style": {
          "color": "#232323",
          "fillColor": "#e8718d",
          "weight": 1.0,
          "opacity": 1.0,
          "fillOpacity": 0.6,
          "radius": 10.962,
          "dashArray": null
        }
      }
    },
    {
      "type": "Feature",
      "geometry": {
        "coordinates": [
          1.845705,
          47.141459
        ],
        "type": "Point"
      },
      "properties": {
        "Caisse": "181",
        "Commune": "GRACAY",
        "Adresse": "RUE NOTRE DAME",
        "_qgis_class_val": "default",
        "_qgis_style": {
          "color": "#232323",
          "fillColor": "#e8718d",
          "weight": 1.0,
          "opacity": 1.0,
          "fillOpacity": 0.6,
          "radius": 10.962,
          "dashArray": null
        }
      }
    },
    {
      "type": "Feature",
      "geometry": {
        "coordinates": [
          2.251365,
          46.964131
        ],
        "type": "Point"
      },
      "properties": {
        "Caisse": "181",
        "Commune": "LUNERY",
        "Adresse": "RUE ROUSSEAU",
        "_qgis_class_val": "default",
        "_qgis_style": {
          "color": "#232323",
          "fillColor": "#e8718d",
          "weight": 1.0,
          "opacity": 1.0,
          "fillOpacity": 0.6,
          "radius": 10.962,
          "dashArray": null
        }
      }
    },
    {
      "type": "Feature",
      "geometry": {
        "coordinates": [
          2.406757,
          47.058073
        ],
        "type": "Point"
      },
      "properties": {
        "Caisse": "181",
        "Commune": "BOURGES",
        "Adresse": "RUE HIPPOLYTE BOYER",
        "_qgis_class_val": "default",
        "_qgis_style": {
          "color": "#232323",
          "fillColor": "#e8718d",
          "weight": 1.0,
          "opacity": 1.0,
          "fillOpacity": 0.6,
          "radius": 10.962,
          "dashArray": null
        }
      }
    },
    {
      "type": "Feature",
      "geometry": {
        "coordinates": [
          2.389504,
          47.063755
        ],
        "type": "Point"
      },
      "properties": {
        "Caisse": "181",
        "Commune": "BOURGES",
        "Adresse": "SEN DES CARRIERES",
        "_qgis_class_val": "default",
        "_qgis_style": {
          "color": "#232323",
          "fillColor": "#e8718d",
          "weight": 1.0,
          "opacity": 1.0,
          "fillOpacity": 0.6,
          "radius": 10.962,
          "dashArray": null
        }
      }
    },
    {
      "type": "Feature",
      "geometry": {
        "coordinates": [
          2.414459,
          47.120977
        ],
        "type": "Point"
      },
      "properties": {
        "Caisse": "181",
        "Commune": "BOURGES",
        "Adresse": "RUE DU PETIT CHAILLOUX",
        "_qgis_class_val": "default",
        "_qgis_style": {
          "color": "#232323",
          "fillColor": "#e8718d",
          "weight": 1.0,
          "opacity": 1.0,
          "fillOpacity": 0.6,
          "radius": 10.962,
          "dashArray": null
        }
      }
    },
    {
      "type": "Feature",
      "geometry": {
        "coordinates": [
          2.403315,
          47.063386
        ],
        "type": "Point"
      },
      "properties": {
        "Caisse": "181",
        "Commune": "BOURGES",
        "Adresse": "RUE EIRICK LABONNE",
        "_qgis_class_val": "default",
        "_qgis_style": {
          "color": "#232323",
          "fillColor": "#e8718d",
          "weight": 1.0,
          "opacity": 1.0,
          "fillOpacity": 0.6,
          "radius": 10.962,
          "dashArray": null
        }
      }
    },
    {
      "type": "Feature",
      "geometry": {
        "coordinates": [
          1.51286,
          48.328064
        ],
        "type": "Point"
      },
      "properties": {
        "Caisse": "281",
        "Commune": "DAMMARIE",
        "Adresse": "RUE D ORIGNY",
        "_qgis_class_val": "default",
        "_qgis_style": {
          "color": "#232323",
          "fillColor": "#e8718d",
          "weight": 1.0,
          "opacity": 1.0,
          "fillOpacity": 0.6,
          "radius": 10.962,
          "dashArray": null
        }
      }
    },
    {
      "type": "Feature",
      "geometry": {
        "coordinates": [
          2.281096,
          47.095691
        ],
        "type": "Point"
      },
      "properties": {
        "Caisse": "181",
        "Commune": "MARMAGNE",
        "Adresse": "RUE DES LILAS",
        "_qgis_class_val": "default",
        "_qgis_style": {
          "color": "#232323",
          "fillColor": "#e8718d",
          "weight": 1.0,
          "opacity": 1.0,
          "fillOpacity": 0.6,
          "radius": 10.962,
          "dashArray": null
        }
      }
    },
    {
      "type": "Feature",
      "geometry": {
        "coordinates": [
          2.919729,
          46.814517
        ],
        "type": "Point"
      },
      "properties": {
        "Caisse": "181",
        "Commune": "SANCOINS",
        "Adresse": "LES BRUYERES DE BUY",
        "_qgis_class_val": "default",
        "_qgis_style": {
          "color": "#232323",
          "fillColor": "#e8718d",
          "weight": 1.0,
          "opacity": 1.0,
          "fillOpacity": 0.6,
          "radius": 10.962,
          "dashArray": null
        }
      }
    },
    {
      "type": "Feature",
      "geometry": {
        "coordinates": [
          2.440252,
          47.990244
        ],
        "type": "Point"
      },
      "properties": {
        "Caisse": "451",
        "Commune": "BELLEGARDE",
        "Adresse": "RUE DE LA REPUBLIQUE",
        "_qgis_class_val": "default",
        "_qgis_style": {
          "color": "#232323",
          "fillColor": "#e8718d",
          "weight": 1.0,
          "opacity": 1.0,
          "fillOpacity": 0.6,
          "radius": 10.962,
          "dashArray": null
        }
      }
    },
    {
      "type": "Feature",
      "geometry": {
        "coordinates": [
          1.708779,
          46.797983
        ],
        "type": "Point"
      },
      "properties": {
        "Caisse": "361",
        "Commune": "CHATEAUROUX",
        "Adresse": "RUE PAUL VALERY",
        "_qgis_class_val": "default",
        "_qgis_style": {
          "color": "#232323",
          "fillColor": "#e8718d",
          "weight": 1.0,
          "opacity": 1.0,
          "fillOpacity": 0.6,
          "radius": 10.962,
          "dashArray": null
        }
      }
    },
    {
      "type": "Feature",
      "geometry": {
        "coordinates": [
          1.361859,
          48.722189
        ],
        "type": "Point"
      },
      "properties": {
        "Caisse": "281",
        "Commune": "VERNOUILLET",
        "Adresse": "IMP DES MARGUERITES",
        "_qgis_class_val": "default",
        "_qgis_style": {
          "color": "#232323",
          "fillColor": "#e8718d",
          "weight": 1.0,
          "opacity": 1.0,
          "fillOpacity": 0.6,
          "radius": 10.962,
          "dashArray": null
        }
      }
    },
    {
      "type": "Feature",
      "geometry": {
        "coordinates": [
          1.081266,
          46.84968
        ],
        "type": "Point"
      },
      "properties": {
        "Caisse": "361",
        "Commune": "AZAY LE FERRON",
        "Adresse": "LA CHEPTARDIERE",
        "_qgis_class_val": "default",
        "_qgis_style": {
          "color": "#232323",
          "fillColor": "#e8718d",
          "weight": 1.0,
          "opacity": 1.0,
          "fillOpacity": 0.6,
          "radius": 10.962,
          "dashArray": null
        }
      }
    },
    {
      "type": "Feature",
      "geometry": {
        "coordinates": [
          1.922421,
          47.386744
        ],
        "type": "Point"
      },
      "properties": {
        "Caisse": "411",
        "Commune": "SELLES ST DENIS",
        "Adresse": "PL DU MAIL",
        "_qgis_class_val": "default",
        "_qgis_style": {
          "color": "#232323",
          "fillColor": "#e8718d",
          "weight": 1.0,
          "opacity": 1.0,
          "fillOpacity": 0.6,
          "radius": 10.962,
          "dashArray": null
        }
      }
    },
    {
      "type": "Feature",
      "geometry": {
        "coordinates": [
          2.503145,
          46.721078
        ],
        "type": "Point"
      },
      "properties": {
        "Caisse": "181",
        "Commune": "ST AMAND MONTROND",
        "Adresse": "RUE DU DOCTEUR VALLET",
        "_qgis_class_val": "default",
        "_qgis_style": {
          "color": "#232323",
          "fillColor": "#e8718d",
          "weight": 1.0,
          "opacity": 1.0,
          "fillOpacity": 0.6,
          "radius": 10.962,
          "dashArray": null
        }
      }
    },
    {
      "type": "Feature",
      "geometry": {
        "coordinates": [
          2.5074,
          46.730266
        ],
        "type": "Point"
      },
      "properties": {
        "Caisse": "181",
        "Commune": "ST AMAND MONTROND",
        "Adresse": "ALL DES PAQUERETTES",
        "_qgis_class_val": "default",
        "_qgis_style": {
          "color": "#232323",
          "fillColor": "#e8718d",
          "weight": 1.0,
          "opacity": 1.0,
          "fillOpacity": 0.6,
          "radius": 10.962,
          "dashArray": null
        }
      }
    },
    {
      "type": "Feature",
      "geometry": {
        "coordinates": [
          2.489907,
          47.098136
        ],
        "type": "Point"
      },
      "properties": {
        "Caisse": "181",
        "Commune": "ST GERMAIN DU PUY",
        "Adresse": "RUE PAUL ELUARD",
        "_qgis_class_val": "default",
        "_qgis_style": {
          "color": "#232323",
          "fillColor": "#e8718d",
          "weight": 1.0,
          "opacity": 1.0,
          "fillOpacity": 0.6,
          "radius": 10.962,
          "dashArray": null
        }
      }
    },
    {
      "type": "Feature",
      "geometry": {
        "coordinates": [
          2.736751,
          48.00902
        ],
        "type": "Point"
      },
      "properties": {
        "Caisse": "451",
        "Commune": "CHALETTE SUR LOING",
        "Adresse": "RUE ROSA BONHEUR",
        "_qgis_class_val": "default",
        "_qgis_style": {
          "color": "#232323",
          "fillColor": "#e8718d",
          "weight": 1.0,
          "opacity": 1.0,
          "fillOpacity": 0.6,
          "radius": 10.962,
          "dashArray": null
        }
      }
    },
    {
      "type": "Feature",
      "geometry": {
        "coordinates": [
          2.579092,
          47.202577
        ],
        "type": "Point"
      },
      "properties": {
        "Caisse": "181",
        "Commune": "LES AIX D ANGILLON",
        "Adresse": "RUE LOUIS DEBAUNE",
        "_qgis_class_val": "default",
        "_qgis_style": {
          "color": "#232323",
          "fillColor": "#e8718d",
          "weight": 1.0,
          "opacity": 1.0,
          "fillOpacity": 0.6,
          "radius": 10.962,
          "dashArray": null
        }
      }
    },
    {
      "type": "Feature",
      "geometry": {
        "coordinates": [
          2.797782,
          48.091303
        ],
        "type": "Point"
      },
      "properties": {
        "Caisse": "451",
        "Commune": "FERRIERES EN GATINAIS",
        "Adresse": "RUE DOM MORIN",
        "_qgis_class_val": "default",
        "_qgis_style": {
          "color": "#232323",
          "fillColor": "#e8718d",
          "weight": 1.0,
          "opacity": 1.0,
          "fillOpacity": 0.6,
          "radius": 10.962,
          "dashArray": null
        }
      }
    },
    {
      "type": "Feature",
      "geometry": {
        "coordinates": [
          2.61657,
          47.992437
        ],
        "type": "Point"
      },
      "properties": {
        "Caisse": "451",
        "Commune": "ST MAURICE SUR FESSARD",
        "Adresse": "RUE DE L HUILERIE",
        "_qgis_class_val": "default",
        "_qgis_style": {
          "color": "#232323",
          "fillColor": "#e8718d",
          "weight": 1.0,
          "opacity": 1.0,
          "fillOpacity": 0.6,
          "radius": 10.962,
          "dashArray": null
        }
      }
    },
    {
      "type": "Feature",
      "geometry": {
        "coordinates": [
          2.942324,
          46.938522
        ],
        "type": "Point"
      },
      "properties": {
        "Caisse": "181",
        "Commune": "LA GUERCHE SUR L AUBOIS",
        "Adresse": "RUE JEAN MONNET",
        "_qgis_class_val": "default",
        "_qgis_style": {
          "color": "#232323",
          "fillColor": "#e8718d",
          "weight": 1.0,
          "opacity": 1.0,
          "fillOpacity": 0.6,
          "radius": 10.962,
          "dashArray": null
        }
      }
    },
    {
      "type": "Feature",
      "geometry": {
        "coordinates": [
          2.123618,
          46.678426
        ],
        "type": "Point"
      },
      "properties": {
        "Caisse": "361",
        "Commune": "ST CHRISTOPHE EN BOUCHERI",
        "Adresse": "RTE DE LA COMMUNAUTE",
        "_qgis_class_val": "default",
        "_qgis_style": {
          "color": "#232323",
          "fillColor": "#e8718d",
          "weight": 1.0,
          "opacity": 1.0,
          "fillOpacity": 0.6,
          "radius": 10.962,
          "dashArray": null
        }
      }
    },
    {
      "type": "Feature",
      "geometry": {
        "coordinates": [
          1.449354,
          48.43539
        ],
        "type": "Point"
      },
      "properties": {
        "Caisse": "281",
        "Commune": "LUCE",
        "Adresse": "RUE DE L ARGONNE",
        "_qgis_class_val": "default",
        "_qgis_style": {
          "color": "#232323",
          "fillColor": "#e8718d",
          "weight": 1.0,
          "opacity": 1.0,
          "fillOpacity": 0.6,
          "radius": 10.962,
          "dashArray": null
        }
      }
    },
    {
      "type": "Feature",
      "geometry": {
        "coordinates": [
          1.473604,
          48.434727
        ],
        "type": "Point"
      },
      "properties": {
        "Caisse": "281",
        "Commune": "LUCE",
        "Adresse": "RUE GEORGES CLEMENCEAU",
        "_qgis_class_val": "default",
        "_qgis_style": {
          "color": "#232323",
          "fillColor": "#e8718d",
          "weight": 1.0,
          "opacity": 1.0,
          "fillOpacity": 0.6,
          "radius": 10.962,
          "dashArray": null
        }
      }
    },
    {
      "type": "Feature",
      "geometry": {
        "coordinates": [
          1.390279,
          48.736164
        ],
        "type": "Point"
      },
      "properties": {
        "Caisse": "281",
        "Commune": "DREUX",
        "Adresse": "ALL DE LA CROIX TIENAC",
        "_qgis_class_val": "default",
        "_qgis_style": {
          "color": "#232323",
          "fillColor": "#e8718d",
          "weight": 1.0,
          "opacity": 1.0,
          "fillOpacity": 0.6,
          "radius": 10.962,
          "dashArray": null
        }
      }
    },
    {
      "type": "Feature",
      "geometry": {
        "coordinates": [
          1.389509,
          48.735244
        ],
        "type": "Point"
      },
      "properties": {
        "Caisse": "281",
        "Commune": "DREUX",
        "Adresse": "RUE EMMANUEL SEBILLE",
        "_qgis_class_val": "default",
        "_qgis_style": {
          "color": "#232323",
          "fillColor": "#e8718d",
          "weight": 1.0,
          "opacity": 1.0,
          "fillOpacity": 0.6,
          "radius": 10.962,
          "dashArray": null
        }
      }
    },
    {
      "type": "Feature",
      "geometry": {
        "coordinates": [
          1.374748,
          48.722455
        ],
        "type": "Point"
      },
      "properties": {
        "Caisse": "281",
        "Commune": "DREUX",
        "Adresse": "BVD CONDORCET",
        "_qgis_class_val": "default",
        "_qgis_style": {
          "color": "#232323",
          "fillColor": "#e8718d",
          "weight": 1.0,
          "opacity": 1.0,
          "fillOpacity": 0.6,
          "radius": 10.962,
          "dashArray": null
        }
      }
    },
    {
      "type": "Feature",
      "geometry": {
        "coordinates": [
          1.865718,
          47.932826
        ],
        "type": "Point"
      },
      "properties": {
        "Caisse": "451",
        "Commune": "SARAN",
        "Adresse": "RUE ANATOLE FAUCHEUX",
        "_qgis_class_val": "default",
        "_qgis_style": {
          "color": "#232323",
          "fillColor": "#e8718d",
          "weight": 1.0,
          "opacity": 1.0,
          "fillOpacity": 0.6,
          "radius": 10.962,
          "dashArray": null
        }
      }
    },
    {
      "type": "Feature",
      "geometry": {
        "coordinates": [
          2.051457,
          47.228607
        ],
        "type": "Point"
      },
      "properties": {
        "Caisse": "181",
        "Commune": "BP 536",
        "Adresse": "RUE LEO MERIGOT",
        "_qgis_class_val": "default",
        "_qgis_style": {
          "color": "#232323",
          "fillColor": "#e8718d",
          "weight": 1.0,
          "opacity": 1.0,
          "fillOpacity": 0.6,
          "radius": 10.962,
          "dashArray": null
        }
      }
    },
    {
      "type": "Feature",
      "geometry": {
        "coordinates": [
          2.412774,
          47.082472
        ],
        "type": "Point"
      },
      "properties": {
        "Caisse": "181",
        "Commune": "BOURGES",
        "Adresse": "AVE ERNEST RENAN",
        "_qgis_class_val": "default",
        "_qgis_style": {
          "color": "#232323",
          "fillColor": "#e8718d",
          "weight": 1.0,
          "opacity": 1.0,
          "fillOpacity": 0.6,
          "radius": 10.962,
          "dashArray": null
        }
      }
    },
    {
      "type": "Feature",
      "geometry": {
        "coordinates": [
          2.404315,
          47.102699
        ],
        "type": "Point"
      },
      "properties": {
        "Caisse": "181",
        "Commune": "BOURGES",
        "Adresse": "AVE DE LA LIBERATION",
        "_qgis_class_val": "default",
        "_qgis_style": {
          "color": "#232323",
          "fillColor": "#e8718d",
          "weight": 1.0,
          "opacity": 1.0,
          "fillOpacity": 0.6,
          "radius": 10.962,
          "dashArray": null
        }
      }
    },
    {
      "type": "Feature",
      "geometry": {
        "coordinates": [
          2.412346,
          47.107333
        ],
        "type": "Point"
      },
      "properties": {
        "Caisse": "181",
        "Commune": "BOURGES",
        "Adresse": "AVE DU GENERAL DE GAULLE",
        "_qgis_class_val": "default",
        "_qgis_style": {
          "color": "#232323",
          "fillColor": "#e8718d",
          "weight": 1.0,
          "opacity": 1.0,
          "fillOpacity": 0.6,
          "radius": 10.962,
          "dashArray": null
        }
      }
    },
    {
      "type": "Feature",
      "geometry": {
        "coordinates": [
          2.078049,
          47.220804
        ],
        "type": "Point"
      },
      "properties": {
        "Caisse": "181",
        "Commune": "VIERZON",
        "Adresse": "RUE JULES LOUIS BRETON",
        "_qgis_class_val": "default",
        "_qgis_style": {
          "color": "#232323",
          "fillColor": "#e8718d",
          "weight": 1.0,
          "opacity": 1.0,
          "fillOpacity": 0.6,
          "radius": 10.962,
          "dashArray": null
        }
      }
    },
    {
      "type": "Feature",
      "geometry": {
        "coordinates": [
          1.471819,
          48.454877
        ],
        "type": "Point"
      },
      "properties": {
        "Caisse": "281",
        "Commune": "CHARTRES",
        "Adresse": "RUE DES BAS MENUS",
        "_qgis_class_val": "default",
        "_qgis_style": {
          "color": "#232323",
          "fillColor": "#e8718d",
          "weight": 1.0,
          "opacity": 1.0,
          "fillOpacity": 0.6,
          "radius": 10.962,
          "dashArray": null
        }
      }
    },
    {
      "type": "Feature",
      "geometry": {
        "coordinates": [
          1.914389,
          47.848241
        ],
        "type": "Point"
      },
      "properties": {
        "Caisse": "451",
        "Commune": "CS 10042",
        "Adresse": "RUE DE LA BERGERESSE",
        "_qgis_class_val": "default",
        "_qgis_style": {
          "color": "#232323",
          "fillColor": "#e8718d",
          "weight": 1.0,
          "opacity": 1.0,
          "fillOpacity": 0.6,
          "radius": 10.962,
          "dashArray": null
        }
      }
    },
    {
      "type": "Feature",
      "geometry": {
        "coordinates": [
          1.518221,
          48.436777
        ],
        "type": "Point"
      },
      "properties": {
        "Caisse": "281",
        "Commune": "CS 20011",
        "Adresse": "RUE CHARLES DE COULOMB",
        "_qgis_class_val": "default",
        "_qgis_style": {
          "color": "#232323",
          "fillColor": "#e8718d",
          "weight": 1.0,
          "opacity": 1.0,
          "fillOpacity": 0.6,
          "radius": 10.962,
          "dashArray": null
        }
      }
    },
    {
      "type": "Feature",
      "geometry": {
        "coordinates": [
          2.401116,
          47.086294
        ],
        "type": "Point"
      },
      "properties": {
        "Caisse": "181",
        "Commune": "CS 90701",
        "Adresse": "RUE VOLTAIRE",
        "_qgis_class_val": "default",
        "_qgis_style": {
          "color": "#232323",
          "fillColor": "#e8718d",
          "weight": 1.0,
          "opacity": 1.0,
          "fillOpacity": 0.6,
          "radius": 10.962,
          "dashArray": null
        }
      }
    },
    {
      "type": "Feature",
      "geometry": {
        "coordinates": [
          2.401116,
          47.086294
        ],
        "type": "Point"
      },
      "properties": {
        "Caisse": "181",
        "Commune": "CS 90701",
        "Adresse": "RUE VOLTAIRE",
        "_qgis_class_val": "default",
        "_qgis_style": {
          "color": "#232323",
          "fillColor": "#e8718d",
          "weight": 1.0,
          "opacity": 1.0,
          "fillOpacity": 0.6,
          "radius": 10.962,
          "dashArray": null
        }
      }
    },
    {
      "type": "Feature",
      "geometry": {
        "coordinates": [
          2.025142,
          47.846759
        ],
        "type": "Point"
      },
      "properties": {
        "Caisse": "451",
        "Commune": "SANDILLON",
        "Adresse": "RUE VERTE",
        "_qgis_class_val": "default",
        "_qgis_style": {
          "color": "#232323",
          "fillColor": "#e8718d",
          "weight": 1.0,
          "opacity": 1.0,
          "fillOpacity": 0.6,
          "radius": 10.962,
          "dashArray": null
        }
      }
    },
    {
      "type": "Feature",
      "geometry": {
        "coordinates": [
          1.70344,
          46.794
        ],
        "type": "Point"
      },
      "properties": {
        "Caisse": "361",
        "Commune": "CHATEAUROUX",
        "Adresse": "RUE VICTOR LALOUX",
        "_qgis_class_val": "default",
        "_qgis_style": {
          "color": "#232323",
          "fillColor": "#e8718d",
          "weight": 1.0,
          "opacity": 1.0,
          "fillOpacity": 0.6,
          "radius": 10.962,
          "dashArray": null
        }
      }
    },
    {
      "type": "Feature",
      "geometry": {
        "coordinates": [
          1.705662,
          46.806193
        ],
        "type": "Point"
      },
      "properties": {
        "Caisse": "361",
        "Commune": "CHATEAUROUX",
        "Adresse": "RUE FRANCOIS FENELON",
        "_qgis_class_val": "default",
        "_qgis_style": {
          "color": "#232323",
          "fillColor": "#e8718d",
          "weight": 1.0,
          "opacity": 1.0,
          "fillOpacity": 0.6,
          "radius": 10.962,
          "dashArray": null
        }
      }
    },
    {
      "type": "Feature",
      "geometry": {
        "coordinates": [
          1.70269,
          46.811828
        ],
        "type": "Point"
      },
      "properties": {
        "Caisse": "361",
        "Commune": "CHATEAUROUX",
        "Adresse": "RUE DE MOUSSEAUX",
        "_qgis_class_val": "default",
        "_qgis_style": {
          "color": "#232323",
          "fillColor": "#e8718d",
          "weight": 1.0,
          "opacity": 1.0,
          "fillOpacity": 0.6,
          "radius": 10.962,
          "dashArray": null
        }
      }
    },
    {
      "type": "Feature",
      "geometry": {
        "coordinates": [
          1.711259,
          46.802246
        ],
        "type": "Point"
      },
      "properties": {
        "Caisse": "361",
        "Commune": "CHATEAUROUX",
        "Adresse": "ALL CHARLES DICKENS",
        "_qgis_class_val": "default",
        "_qgis_style": {
          "color": "#232323",
          "fillColor": "#e8718d",
          "weight": 1.0,
          "opacity": 1.0,
          "fillOpacity": 0.6,
          "radius": 10.962,
          "dashArray": null
        }
      }
    },
    {
      "type": "Feature",
      "geometry": {
        "coordinates": [
          0.670394,
          47.382539
        ],
        "type": "Point"
      },
      "properties": {
        "Caisse": "371",
        "Commune": "TOURS CEDEX 9",
        "Adresse": "RUE DE BEAUMONT",
        "_qgis_class_val": "default",
        "_qgis_style": {
          "color": "#232323",
          "fillColor": "#e8718d",
          "weight": 1.0,
          "opacity": 1.0,
          "fillOpacity": 0.6,
          "radius": 10.962,
          "dashArray": null
        }
      }
    },
    {
      "type": "Feature",
      "geometry": {
        "coordinates": [
          1.46602,
          48.441337
        ],
        "type": "Point"
      },
      "properties": {
        "Caisse": "281",
        "Commune": "LUCE",
        "Adresse": "RUE DES CHENES",
        "_qgis_class_val": "default",
        "_qgis_style": {
          "color": "#232323",
          "fillColor": "#e8718d",
          "weight": 1.0,
          "opacity": 1.0,
          "fillOpacity": 0.6,
          "radius": 10.962,
          "dashArray": null
        }
      }
    },
    {
      "type": "Feature",
      "geometry": {
        "coordinates": [
          1.371003,
          48.734007
        ],
        "type": "Point"
      },
      "properties": {
        "Caisse": "281",
        "Commune": "DREUX",
        "Adresse": "RUE SAINT DENIS",
        "_qgis_class_val": "default",
        "_qgis_style": {
          "color": "#232323",
          "fillColor": "#e8718d",
          "weight": 1.0,
          "opacity": 1.0,
          "fillOpacity": 0.6,
          "radius": 10.962,
          "dashArray": null
        }
      }
    },
    {
      "type": "Feature",
      "geometry": {
        "coordinates": [
          2.406753,
          46.93
        ],
        "type": "Point"
      },
      "properties": {
        "Caisse": "181",
        "Commune": "LEVET",
        "Adresse": "IMP DES CASSONS",
        "_qgis_class_val": "default",
        "_qgis_style": {
          "color": "#232323",
          "fillColor": "#e8718d",
          "weight": 1.0,
          "opacity": 1.0,
          "fillOpacity": 0.6,
          "radius": 10.962,
          "dashArray": null
        }
      }
    },
    {
      "type": "Feature",
      "geometry": {
        "coordinates": [
          0.688157,
          47.374221
        ],
        "type": "Point"
      },
      "properties": {
        "Caisse": "371",
        "Commune": "TOURS",
        "Adresse": "RUE DU CHEMIN DE FER",
        "_qgis_class_val": "default",
        "_qgis_style": {
          "color": "#232323",
          "fillColor": "#e8718d",
          "weight": 1.0,
          "opacity": 1.0,
          "fillOpacity": 0.6,
          "radius": 10.962,
          "dashArray": null
        }
      }
    },
    {
      "type": "Feature",
      "geometry": {
        "coordinates": [
          0.701806,
          47.376069
        ],
        "type": "Point"
      },
      "properties": {
        "Caisse": "371",
        "Commune": "TOURS",
        "Adresse": "RUE FRANCESCO FERRER",
        "_qgis_class_val": "default",
        "_qgis_style": {
          "color": "#232323",
          "fillColor": "#e8718d",
          "weight": 1.0,
          "opacity": 1.0,
          "fillOpacity": 0.6,
          "radius": 10.962,
          "dashArray": null
        }
      }
    },
    {
      "type": "Feature",
      "geometry": {
        "coordinates": [
          2.324239,
          47.224079
        ],
        "type": "Point"
      },
      "properties": {
        "Caisse": "181",
        "Commune": "ALLOGNY",
        "Adresse": "RTE DE ST MARTIN D AUXIGNY",
        "_qgis_class_val": "default",
        "_qgis_style": {
          "color": "#232323",
          "fillColor": "#e8718d",
          "weight": 1.0,
          "opacity": 1.0,
          "fillOpacity": 0.6,
          "radius": 10.962,
          "dashArray": null
        }
      }
    },
    {
      "type": "Feature",
      "geometry": {
        "coordinates": [
          2.388229,
          47.085118
        ],
        "type": "Point"
      },
      "properties": {
        "Caisse": "181",
        "Commune": "BOURGES",
        "Adresse": "RUE DE L ILE D OR",
        "_qgis_class_val": "default",
        "_qgis_style": {
          "color": "#232323",
          "fillColor": "#e8718d",
          "weight": 1.0,
          "opacity": 1.0,
          "fillOpacity": 0.6,
          "radius": 10.962,
          "dashArray": null
        }
      }
    },
    {
      "type": "Feature",
      "geometry": {
        "coordinates": [
          2.380905,
          47.071544
        ],
        "type": "Point"
      },
      "properties": {
        "Caisse": "181",
        "Commune": "BOURGES",
        "Adresse": "CHE LEGNIER",
        "_qgis_class_val": "default",
        "_qgis_style": {
          "color": "#232323",
          "fillColor": "#e8718d",
          "weight": 1.0,
          "opacity": 1.0,
          "fillOpacity": 0.6,
          "radius": 10.962,
          "dashArray": null
        }
      }
    },
    {
      "type": "Feature",
      "geometry": {
        "coordinates": [
          1.891823,
          47.904038
        ],
        "type": "Point"
      },
      "properties": {
        "Caisse": "451",
        "Commune": "ORLEANS",
        "Adresse": "RUE EMILE BISCARRA",
        "_qgis_class_val": "default",
        "_qgis_style": {
          "color": "#232323",
          "fillColor": "#e8718d",
          "weight": 1.0,
          "opacity": 1.0,
          "fillOpacity": 0.6,
          "radius": 10.962,
          "dashArray": null
        }
      }
    },
    {
      "type": "Feature",
      "geometry": {
        "coordinates": [
          1.924389,
          47.900646
        ],
        "type": "Point"
      },
      "properties": {
        "Caisse": "451",
        "Commune": "ORLEANS",
        "Adresse": "RUE CHARLES PEGUY",
        "_qgis_class_val": "default",
        "_qgis_style": {
          "color": "#232323",
          "fillColor": "#e8718d",
          "weight": 1.0,
          "opacity": 1.0,
          "fillOpacity": 0.6,
          "radius": 10.962,
          "dashArray": null
        }
      }
    },
    {
      "type": "Feature",
      "geometry": {
        "coordinates": [
          2.071638,
          47.223011
        ],
        "type": "Point"
      },
      "properties": {
        "Caisse": "181",
        "Commune": "VIERZON",
        "Adresse": "RUE MONGE",
        "_qgis_class_val": "default",
        "_qgis_style": {
          "color": "#232323",
          "fillColor": "#e8718d",
          "weight": 1.0,
          "opacity": 1.0,
          "fillOpacity": 0.6,
          "radius": 10.962,
          "dashArray": null
        }
      }
    },
    {
      "type": "Feature",
      "geometry": {
        "coordinates": [
          2.071399,
          47.237019
        ],
        "type": "Point"
      },
      "properties": {
        "Caisse": "181",
        "Commune": "VIERZON",
        "Adresse": "RTE DE PUITS BERTEAU",
        "_qgis_class_val": "default",
        "_qgis_style": {
          "color": "#232323",
          "fillColor": "#e8718d",
          "weight": 1.0,
          "opacity": 1.0,
          "fillOpacity": 0.6,
          "radius": 10.962,
          "dashArray": null
        }
      }
    },
    {
      "type": "Feature",
      "geometry": {
        "coordinates": [
          1.434661,
          48.774891
        ],
        "type": "Point"
      },
      "properties": {
        "Caisse": "281",
        "Commune": "ABONDANT",
        "Adresse": "RUE DE LA DIME",
        "_qgis_class_val": "default",
        "_qgis_style": {
          "color": "#232323",
          "fillColor": "#e8718d",
          "weight": 1.0,
          "opacity": 1.0,
          "fillOpacity": 0.6,
          "radius": 10.962,
          "dashArray": null
        }
      }
    },
    {
      "type": "Feature",
      "geometry": {
        "coordinates": [
          1.521017,
          48.445074
        ],
        "type": "Point"
      },
      "properties": {
        "Caisse": "281",
        "Commune": "CHARTRES",
        "Adresse": "AVE ARISTIDE BRIAND",
        "_qgis_class_val": "default",
        "_qgis_style": {
          "color": "#232323",
          "fillColor": "#e8718d",
          "weight": 1.0,
          "opacity": 1.0,
          "fillOpacity": 0.6,
          "radius": 10.962,
          "dashArray": null
        }
      }
    },
    {
      "type": "Feature",
      "geometry": {
        "coordinates": [
          1.479894,
          48.446626
        ],
        "type": "Point"
      },
      "properties": {
        "Caisse": "281",
        "Commune": "CHARTRES",
        "Adresse": "RUE NICOLE",
        "_qgis_class_val": "default",
        "_qgis_style": {
          "color": "#232323",
          "fillColor": "#e8718d",
          "weight": 1.0,
          "opacity": 1.0,
          "fillOpacity": 0.6,
          "radius": 10.962,
          "dashArray": null
        }
      }
    },
    {
      "type": "Feature",
      "geometry": {
        "coordinates": [
          2.398378,
          47.089038
        ],
        "type": "Point"
      },
      "properties": {
        "Caisse": "181",
        "Commune": "CS 10231",
        "Adresse": "AVE DU 11 NOVEMBRE 1918",
        "_qgis_class_val": "default",
        "_qgis_style": {
          "color": "#232323",
          "fillColor": "#e8718d",
          "weight": 1.0,
          "opacity": 1.0,
          "fillOpacity": 0.6,
          "radius": 10.962,
          "dashArray": null
        }
      }
    },
    {
      "type": "Feature",
      "geometry": {
        "coordinates": [
          1.929733,
          47.911705
        ],
        "type": "Point"
      },
      "properties": {
        "Caisse": "451",
        "Commune": "CS 75719",
        "Adresse": "RUE JEAN PHILIPPE RAMEAU",
        "_qgis_class_val": "default",
        "_qgis_style": {
          "color": "#232323",
          "fillColor": "#e8718d",
          "weight": 1.0,
          "opacity": 1.0,
          "fillOpacity": 0.6,
          "radius": 10.962,
          "dashArray": null
        }
      }
    },
    {
      "type": "Feature",
      "geometry": {
        "coordinates": [
          1.986479,
          46.948073
        ],
        "type": "Point"
      },
      "properties": {
        "Caisse": "361",
        "Commune": "ISSOUDUN",
        "Adresse": "RUE NOUVELLE DU CHATEAU",
        "_qgis_class_val": "default",
        "_qgis_style": {
          "color": "#232323",
          "fillColor": "#e8718d",
          "weight": 1.0,
          "opacity": 1.0,
          "fillOpacity": 0.6,
          "radius": 10.962,
          "dashArray": null
        }
      }
    },
    {
      "type": "Feature",
      "geometry": {
        "coordinates": [
          1.025065,
          48.465789
        ],
        "type": "Point"
      },
      "properties": {
        "Caisse": "281",
        "Commune": "LA LOUPE",
        "Adresse": "ALL DES TAMARIS",
        "_qgis_class_val": "default",
        "_qgis_style": {
          "color": "#232323",
          "fillColor": "#e8718d",
          "weight": 1.0,
          "opacity": 1.0,
          "fillOpacity": 0.6,
          "radius": 10.962,
          "dashArray": null
        }
      }
    },
    {
      "type": "Feature",
      "geometry": {
        "coordinates": [
          1.812602,
          48.393382
        ],
        "type": "Point"
      },
      "properties": {
        "Caisse": "281",
        "Commune": "DENONVILLE",
        "Adresse": "AVE EMILE SUREAU",
        "_qgis_class_val": "default",
        "_qgis_style": {
          "color": "#232323",
          "fillColor": "#e8718d",
          "weight": 1.0,
          "opacity": 1.0,
          "fillOpacity": 0.6,
          "radius": 10.962,
          "dashArray": null
        }
      }
    },
    {
      "type": "Feature",
      "geometry": {
        "coordinates": [
          1.697257,
          46.819512
        ],
        "type": "Point"
      },
      "properties": {
        "Caisse": "361",
        "Commune": "CHATEAUROUX",
        "Adresse": "AVE MARCEL LEMOINE",
        "_qgis_class_val": "default",
        "_qgis_style": {
          "color": "#232323",
          "fillColor": "#e8718d",
          "weight": 1.0,
          "opacity": 1.0,
          "fillOpacity": 0.6,
          "radius": 10.962,
          "dashArray": null
        }
      }
    },
    {
      "type": "Feature",
      "geometry": {
        "coordinates": [
          1.703365,
          46.801937
        ],
        "type": "Point"
      },
      "properties": {
        "Caisse": "361",
        "Commune": "CHATEAUROUX",
        "Adresse": "RUE DESCARTES",
        "_qgis_class_val": "default",
        "_qgis_style": {
          "color": "#232323",
          "fillColor": "#e8718d",
          "weight": 1.0,
          "opacity": 1.0,
          "fillOpacity": 0.6,
          "radius": 10.962,
          "dashArray": null
        }
      }
    },
    {
      "type": "Feature",
      "geometry": {
        "coordinates": [
          1.710054,
          46.798426
        ],
        "type": "Point"
      },
      "properties": {
        "Caisse": "361",
        "Commune": "CHATEAUROUX",
        "Adresse": "RUE MARCEL PROUST",
        "_qgis_class_val": "default",
        "_qgis_style": {
          "color": "#232323",
          "fillColor": "#e8718d",
          "weight": 1.0,
          "opacity": 1.0,
          "fillOpacity": 0.6,
          "radius": 10.962,
          "dashArray": null
        }
      }
    },
    {
      "type": "Feature",
      "geometry": {
        "coordinates": [
          1.704406,
          46.807066
        ],
        "type": "Point"
      },
      "properties": {
        "Caisse": "361",
        "Commune": "CHATEAUROUX",
        "Adresse": "RUE DENIS PAPIN",
        "_qgis_class_val": "default",
        "_qgis_style": {
          "color": "#232323",
          "fillColor": "#e8718d",
          "weight": 1.0,
          "opacity": 1.0,
          "fillOpacity": 0.6,
          "radius": 10.962,
          "dashArray": null
        }
      }
    },
    {
      "type": "Feature",
      "geometry": {
        "coordinates": [
          2.296201,
          46.638685
        ],
        "type": "Point"
      },
      "properties": {
        "Caisse": "181",
        "Commune": "LE CHATELET",
        "Adresse": "LE PONT NICOLAS",
        "_qgis_class_val": "default",
        "_qgis_style": {
          "color": "#232323",
          "fillColor": "#e8718d",
          "weight": 1.0,
          "opacity": 1.0,
          "fillOpacity": 0.6,
          "radius": 10.962,
          "dashArray": null
        }
      }
    },
    {
      "type": "Feature",
      "geometry": {
        "coordinates": [
          1.447266,
          48.45549
        ],
        "type": "Point"
      },
      "properties": {
        "Caisse": "281",
        "Commune": "MAINVILLIERS",
        "Adresse": "RUE ROGER ROQUAIN",
        "_qgis_class_val": "default",
        "_qgis_style": {
          "color": "#232323",
          "fillColor": "#e8718d",
          "weight": 1.0,
          "opacity": 1.0,
          "fillOpacity": 0.6,
          "radius": 10.962,
          "dashArray": null
        }
      }
    },
    {
      "type": "Feature",
      "geometry": {
        "coordinates": [
          2.398378,
          47.089038
        ],
        "type": "Point"
      },
      "properties": {
        "Caisse": "181",
        "Commune": "BOURGES CEDEX",
        "Adresse": "AV DU 11 NOVEMBRE 1918",
        "_qgis_class_val": "default",
        "_qgis_style": {
          "color": "#232323",
          "fillColor": "#e8718d",
          "weight": 1.0,
          "opacity": 1.0,
          "fillOpacity": 0.6,
          "radius": 10.962,
          "dashArray": null
        }
      }
    },
    {
      "type": "Feature",
      "geometry": {
        "coordinates": [
          0.708322,
          47.436668
        ],
        "type": "Point"
      },
      "properties": {
        "Caisse": "371",
        "Commune": "TOURS CEDEX 2",
        "Adresse": "ALL DU COMMANDANT MOUCHOTTE",
        "_qgis_class_val": "default",
        "_qgis_style": {
          "color": "#232323",
          "fillColor": "#e8718d",
          "weight": 1.0,
          "opacity": 1.0,
          "fillOpacity": 0.6,
          "radius": 10.962,
          "dashArray": null
        }
      }
    },
    {
      "type": "Feature",
      "geometry": {
        "coordinates": [
          1.929733,
          47.911705
        ],
        "type": "Point"
      },
      "properties": {
        "Caisse": "451",
        "Commune": "ORLEANS CEDEX 1",
        "Adresse": "RUE JEAN PHILIPPE RAMEAU",
        "_qgis_class_val": "default",
        "_qgis_style": {
          "color": "#232323",
          "fillColor": "#e8718d",
          "weight": 1.0,
          "opacity": 1.0,
          "fillOpacity": 0.6,
          "radius": 10.962,
          "dashArray": null
        }
      }
    },
    {
      "type": "Feature",
      "geometry": {
        "coordinates": [
          1.95867,
          47.879129
        ],
        "type": "Point"
      },
      "properties": {
        "Caisse": "451",
        "Commune": "ST DENIS EN VAL",
        "Adresse": "RUE DE MORPOIX",
        "_qgis_class_val": "default",
        "_qgis_style": {
          "color": "#232323",
          "fillColor": "#e8718d",
          "weight": 1.0,
          "opacity": 1.0,
          "fillOpacity": 0.6,
          "radius": 10.962,
          "dashArray": null
        }
      }
    },
    {
      "type": "Feature",
      "geometry": {
        "coordinates": [
          2.437885,
          47.48833
        ],
        "type": "Point"
      },
      "properties": {
        "Caisse": "181",
        "Commune": "AUBIGNY SUR NERE",
        "Adresse": "RUE POUSSE PANIER",
        "_qgis_class_val": "default",
        "_qgis_style": {
          "color": "#232323",
          "fillColor": "#e8718d",
          "weight": 1.0,
          "opacity": 1.0,
          "fillOpacity": 0.6,
          "radius": 10.962,
          "dashArray": null
        }
      }
    },
    {
      "type": "Feature",
      "geometry": {
        "coordinates": [
          0.955121,
          46.733232
        ],
        "type": "Point"
      },
      "properties": {
        "Caisse": "361",
        "Commune": "TOURNON ST MARTIN",
        "Adresse": "RUE DE LA CAILLOTERIE",
        "_qgis_class_val": "default",
        "_qgis_style": {
          "color": "#232323",
          "fillColor": "#e8718d",
          "weight": 1.0,
          "opacity": 1.0,
          "fillOpacity": 0.6,
          "radius": 10.962,
          "dashArray": null
        }
      }
    },
    {
      "type": "Feature",
      "geometry": {
        "coordinates": [
          1.630718,
          46.866864
        ],
        "type": "Point"
      },
      "properties": {
        "Caisse": "361",
        "Commune": "VILLERS LES ORMES",
        "Adresse": "RUE DES LUZERNES",
        "_qgis_class_val": "default",
        "_qgis_style": {
          "color": "#232323",
          "fillColor": "#e8718d",
          "weight": 1.0,
          "opacity": 1.0,
          "fillOpacity": 0.6,
          "radius": 10.962,
          "dashArray": null
        }
      }
    },
    {
      "type": "Feature",
      "geometry": {
        "coordinates": [
          1.241727,
          48.448247
        ],
        "type": "Point"
      },
      "properties": {
        "Caisse": "281",
        "Commune": "COURVILLE SUR EURE",
        "Adresse": "FOY DE VIE",
        "_qgis_class_val": "default",
        "_qgis_style": {
          "color": "#232323",
          "fillColor": "#e8718d",
          "weight": 1.0,
          "opacity": 1.0,
          "fillOpacity": 0.6,
          "radius": 10.962,
          "dashArray": null
        }
      }
    },
    {
      "type": "Feature",
      "geometry": {
        "coordinates": [
          1.509162,
          48.881349
        ],
        "type": "Point"
      },
      "properties": {
        "Caisse": "281",
        "Commune": "LA CHAUSSEE D IVRY",
        "Adresse": "DOM DES GATINES ROUGES",
        "_qgis_class_val": "default",
        "_qgis_style": {
          "color": "#232323",
          "fillColor": "#e8718d",
          "weight": 1.0,
          "opacity": 1.0,
          "fillOpacity": 0.6,
          "radius": 10.962,
          "dashArray": null
        }
      }
    },
    {
      "type": "Feature",
      "geometry": {
        "coordinates": [
          2.369098,
          46.582335
        ],
        "type": "Point"
      },
      "properties": {
        "Caisse": "181",
        "Commune": "ST CHRISTOPHE LE CHAUDRY",
        "Adresse": "RUE DU CHATEAU",
        "_qgis_class_val": "default",
        "_qgis_style": {
          "color": "#232323",
          "fillColor": "#e8718d",
          "weight": 1.0,
          "opacity": 1.0,
          "fillOpacity": 0.6,
          "radius": 10.962,
          "dashArray": null
        }
      }
    },
    {
      "type": "Feature",
      "geometry": {
        "coordinates": [
          1.448212,
          48.436479
        ],
        "type": "Point"
      },
      "properties": {
        "Caisse": "281",
        "Commune": "LUCE",
        "Adresse": "ALL DU ROUERGUE",
        "_qgis_class_val": "default",
        "_qgis_style": {
          "color": "#232323",
          "fillColor": "#e8718d",
          "weight": 1.0,
          "opacity": 1.0,
          "fillOpacity": 0.6,
          "radius": 10.962,
          "dashArray": null
        }
      }
    },
    {
      "type": "Feature",
      "geometry": {
        "coordinates": [
          1.713346,
          46.794554
        ],
        "type": "Point"
      },
      "properties": {
        "Caisse": "361",
        "Commune": "BP 44",
        "Adresse": "RUE DES INGRAINS",
        "_qgis_class_val": "default",
        "_qgis_style": {
          "color": "#232323",
          "fillColor": "#e8718d",
          "weight": 1.0,
          "opacity": 1.0,
          "fillOpacity": 0.6,
          "radius": 10.962,
          "dashArray": null
        }
      }
    },
    {
      "type": "Feature",
      "geometry": {
        "coordinates": [
          1.713346,
          46.794554
        ],
        "type": "Point"
      },
      "properties": {
        "Caisse": "361",
        "Commune": "BP 44",
        "Adresse": "RUE DES INGRAINS",
        "_qgis_class_val": "default",
        "_qgis_style": {
          "color": "#232323",
          "fillColor": "#e8718d",
          "weight": 1.0,
          "opacity": 1.0,
          "fillOpacity": 0.6,
          "radius": 10.962,
          "dashArray": null
        }
      }
    },
    {
      "type": "Feature",
      "geometry": {
        "coordinates": [
          1.359704,
          48.739223
        ],
        "type": "Point"
      },
      "properties": {
        "Caisse": "281",
        "Commune": "DREUX",
        "Adresse": "RUE DU BOIS SABOT",
        "_qgis_class_val": "default",
        "_qgis_style": {
          "color": "#232323",
          "fillColor": "#e8718d",
          "weight": 1.0,
          "opacity": 1.0,
          "fillOpacity": 0.6,
          "radius": 10.962,
          "dashArray": null
        }
      }
    },
    {
      "type": "Feature",
      "geometry": {
        "coordinates": [
          2.388229,
          47.085118
        ],
        "type": "Point"
      },
      "properties": {
        "Caisse": "181",
        "Commune": "BOURGES",
        "Adresse": "RUE DE L ILE D OR",
        "_qgis_class_val": "default",
        "_qgis_style": {
          "color": "#232323",
          "fillColor": "#e8718d",
          "weight": 1.0,
          "opacity": 1.0,
          "fillOpacity": 0.6,
          "radius": 10.962,
          "dashArray": null
        }
      }
    },
    {
      "type": "Feature",
      "geometry": {
        "coordinates": [
          2.403223,
          47.100131
        ],
        "type": "Point"
      },
      "properties": {
        "Caisse": "181",
        "Commune": "BOURGES",
        "Adresse": "RUE HENRI POINCARE",
        "_qgis_class_val": "default",
        "_qgis_style": {
          "color": "#232323",
          "fillColor": "#e8718d",
          "weight": 1.0,
          "opacity": 1.0,
          "fillOpacity": 0.6,
          "radius": 10.962,
          "dashArray": null
        }
      }
    },
    {
      "type": "Feature",
      "geometry": {
        "coordinates": [
          2.395319,
          47.064121
        ],
        "type": "Point"
      },
      "properties": {
        "Caisse": "181",
        "Commune": "BOURGES",
        "Adresse": "RUE MARCEL ET RENE CHERRIER",
        "_qgis_class_val": "default",
        "_qgis_style": {
          "color": "#232323",
          "fillColor": "#e8718d",
          "weight": 1.0,
          "opacity": 1.0,
          "fillOpacity": 0.6,
          "radius": 10.962,
          "dashArray": null
        }
      }
    },
    {
      "type": "Feature",
      "geometry": {
        "coordinates": [
          2.39642,
          47.077345
        ],
        "type": "Point"
      },
      "properties": {
        "Caisse": "181",
        "Commune": "BOURGES",
        "Adresse": "CI VIEIL CASTEL",
        "_qgis_class_val": "default",
        "_qgis_style": {
          "color": "#232323",
          "fillColor": "#e8718d",
          "weight": 1.0,
          "opacity": 1.0,
          "fillOpacity": 0.6,
          "radius": 10.962,
          "dashArray": null
        }
      }
    },
    {
      "type": "Feature",
      "geometry": {
        "coordinates": [
          2.362894,
          47.073173
        ],
        "type": "Point"
      },
      "properties": {
        "Caisse": "181",
        "Commune": "BOURGES",
        "Adresse": "CHE TORTIOT",
        "_qgis_class_val": "default",
        "_qgis_style": {
          "color": "#232323",
          "fillColor": "#e8718d",
          "weight": 1.0,
          "opacity": 1.0,
          "fillOpacity": 0.6,
          "radius": 10.962,
          "dashArray": null
        }
      }
    },
    {
      "type": "Feature",
      "geometry": {
        "coordinates": [
          2.39642,
          47.077345
        ],
        "type": "Point"
      },
      "properties": {
        "Caisse": "181",
        "Commune": "BOURGES",
        "Adresse": "CI VIEIL CASTEL",
        "_qgis_class_val": "default",
        "_qgis_style": {
          "color": "#232323",
          "fillColor": "#e8718d",
          "weight": 1.0,
          "opacity": 1.0,
          "fillOpacity": 0.6,
          "radius": 10.962,
          "dashArray": null
        }
      }
    },
    {
      "type": "Feature",
      "geometry": {
        "coordinates": [
          2.41364,
          47.056731
        ],
        "type": "Point"
      },
      "properties": {
        "Caisse": "181",
        "Commune": "BOURGES",
        "Adresse": "RUE YVES MONTAND",
        "_qgis_class_val": "default",
        "_qgis_style": {
          "color": "#232323",
          "fillColor": "#e8718d",
          "weight": 1.0,
          "opacity": 1.0,
          "fillOpacity": 0.6,
          "radius": 10.962,
          "dashArray": null
        }
      }
    },
    {
      "type": "Feature",
      "geometry": {
        "coordinates": [
          2.408676,
          47.105792
        ],
        "type": "Point"
      },
      "properties": {
        "Caisse": "181",
        "Commune": "BOURGES",
        "Adresse": "RUE GUSTAVE EIFFEL",
        "_qgis_class_val": "default",
        "_qgis_style": {
          "color": "#232323",
          "fillColor": "#e8718d",
          "weight": 1.0,
          "opacity": 1.0,
          "fillOpacity": 0.6,
          "radius": 10.962,
          "dashArray": null
        }
      }
    },
    {
      "type": "Feature",
      "geometry": {
        "coordinates": [
          1.906245,
          47.912861
        ],
        "type": "Point"
      },
      "properties": {
        "Caisse": "451",
        "Commune": "ORLEANS",
        "Adresse": "AVE DE MUNSTER",
        "_qgis_class_val": "default",
        "_qgis_style": {
          "color": "#232323",
          "fillColor": "#e8718d",
          "weight": 1.0,
          "opacity": 1.0,
          "fillOpacity": 0.6,
          "radius": 10.962,
          "dashArray": null
        }
      }
    },
    {
      "type": "Feature",
      "geometry": {
        "coordinates": [
          1.935744,
          47.91185
        ],
        "type": "Point"
      },
      "properties": {
        "Caisse": "451",
        "Commune": "ORLEANS",
        "Adresse": "RUE DES SONNETTES",
        "_qgis_class_val": "default",
        "_qgis_style": {
          "color": "#232323",
          "fillColor": "#e8718d",
          "weight": 1.0,
          "opacity": 1.0,
          "fillOpacity": 0.6,
          "radius": 10.962,
          "dashArray": null
        }
      }
    },
    {
      "type": "Feature",
      "geometry": {
        "coordinates": [
          1.934287,
          47.902744
        ],
        "type": "Point"
      },
      "properties": {
        "Caisse": "451",
        "Commune": "ORLEANS",
        "Adresse": "ALL DU CLOS FLEURI",
        "_qgis_class_val": "default",
        "_qgis_style": {
          "color": "#232323",
          "fillColor": "#e8718d",
          "weight": 1.0,
          "opacity": 1.0,
          "fillOpacity": 0.6,
          "radius": 10.962,
          "dashArray": null
        }
      }
    },
    {
      "type": "Feature",
      "geometry": {
        "coordinates": [
          2.398378,
          47.089038
        ],
        "type": "Point"
      },
      "properties": {
        "Caisse": "181",
        "Commune": "CS 10231",
        "Adresse": "AVE DU 11 NOVEMBRE 1918",
        "_qgis_class_val": "default",
        "_qgis_style": {
          "color": "#232323",
          "fillColor": "#e8718d",
          "weight": 1.0,
          "opacity": 1.0,
          "fillOpacity": 0.6,
          "radius": 10.962,
          "dashArray": null
        }
      }
    },
    {
      "type": "Feature",
      "geometry": {
        "coordinates": [
          0.653748,
          47.385071
        ],
        "type": "Point"
      },
      "properties": {
        "Caisse": "371",
        "Commune": "LA RICHE",
        "Adresse": "RUE DES HAUTES MARCHES",
        "_qgis_class_val": "default",
        "_qgis_style": {
          "color": "#232323",
          "fillColor": "#e8718d",
          "weight": 1.0,
          "opacity": 1.0,
          "fillOpacity": 0.6,
          "radius": 10.962,
          "dashArray": null
        }
      }
    },
    {
      "type": "Feature",
      "geometry": {
        "coordinates": [
          1.570466,
          48.578557
        ],
        "type": "Point"
      },
      "properties": {
        "Caisse": "281",
        "Commune": "MAINTENON",
        "Adresse": "ALL DES POMMERAYES",
        "_qgis_class_val": "default",
        "_qgis_style": {
          "color": "#232323",
          "fillColor": "#e8718d",
          "weight": 1.0,
          "opacity": 1.0,
          "fillOpacity": 0.6,
          "radius": 10.962,
          "dashArray": null
        }
      }
    },
    {
      "type": "Feature",
      "geometry": {
        "coordinates": [
          1.70386,
          46.81398
        ],
        "type": "Point"
      },
      "properties": {
        "Caisse": "361",
        "Commune": "CHATEAUROUX",
        "Adresse": "RUE DU PRESIDENT KRUGER",
        "_qgis_class_val": "default",
        "_qgis_style": {
          "color": "#232323",
          "fillColor": "#e8718d",
          "weight": 1.0,
          "opacity": 1.0,
          "fillOpacity": 0.6,
          "radius": 10.962,
          "dashArray": null
        }
      }
    },
    {
      "type": "Feature",
      "geometry": {
        "coordinates": [
          0.827547,
          47.331978
        ],
        "type": "Point"
      },
      "properties": {
        "Caisse": "371",
        "Commune": "AZAY SUR CHER",
        "Adresse": "RTE DES AUGERS",
        "_qgis_class_val": "default",
        "_qgis_style": {
          "color": "#232323",
          "fillColor": "#e8718d",
          "weight": 1.0,
          "opacity": 1.0,
          "fillOpacity": 0.6,
          "radius": 10.962,
          "dashArray": null
        }
      }
    },
    {
      "type": "Feature",
      "geometry": {
        "coordinates": [
          1.464481,
          48.279244
        ],
        "type": "Point"
      },
      "properties": {
        "Caisse": "281",
        "Commune": "MESLAY LE VIDAME",
        "Adresse": "RUE DE CHANTEPIE",
        "_qgis_class_val": "default",
        "_qgis_style": {
          "color": "#232323",
          "fillColor": "#e8718d",
          "weight": 1.0,
          "opacity": 1.0,
          "fillOpacity": 0.6,
          "radius": 10.962,
          "dashArray": null
        }
      }
    },
    {
      "type": "Feature",
      "geometry": {
        "coordinates": [
          1.23244,
          48.757143
        ],
        "type": "Point"
      },
      "properties": {
        "Caisse": "281",
        "Commune": "ST REMY SUR AVRE",
        "Adresse": "AVE JEAN MOULIN",
        "_qgis_class_val": "default",
        "_qgis_style": {
          "color": "#232323",
          "fillColor": "#e8718d",
          "weight": 1.0,
          "opacity": 1.0,
          "fillOpacity": 0.6,
          "radius": 10.962,
          "dashArray": null
        }
      }
    },
    {
      "type": "Feature",
      "geometry": {
        "coordinates": [
          2.537241,
          46.939365
        ],
        "type": "Point"
      },
      "properties": {
        "Caisse": "181",
        "Commune": "ST DENIS DE PALIN",
        "Adresse": "RUE DE L AURON",
        "_qgis_class_val": "default",
        "_qgis_style": {
          "color": "#232323",
          "fillColor": "#e8718d",
          "weight": 1.0,
          "opacity": 1.0,
          "fillOpacity": 0.6,
          "radius": 10.962,
          "dashArray": null
        }
      }
    },
    {
      "type": "Feature",
      "geometry": {
        "coordinates": [
          0.56123,
          47.107872
        ],
        "type": "Point"
      },
      "properties": {
        "Caisse": "371",
        "Commune": "NOYANT DE TOURAINE",
        "Adresse": "CLO DES VIGNES",
        "_qgis_class_val": "default",
        "_qgis_style": {
          "color": "#232323",
          "fillColor": "#e8718d",
          "weight": 1.0,
          "opacity": 1.0,
          "fillOpacity": 0.6,
          "radius": 10.962,
          "dashArray": null
        }
      }
    },
    {
      "type": "Feature",
      "geometry": {
        "coordinates": [
          0.833782,
          47.38642
        ],
        "type": "Point"
      },
      "properties": {
        "Caisse": "371",
        "Commune": "MONTLOUIS SUR LOIRE",
        "Adresse": "AVE GUILLAUME LOUIS",
        "_qgis_class_val": "default",
        "_qgis_style": {
          "color": "#232323",
          "fillColor": "#e8718d",
          "weight": 1.0,
          "opacity": 1.0,
          "fillOpacity": 0.6,
          "radius": 10.962,
          "dashArray": null
        }
      }
    },
    {
      "type": "Feature",
      "geometry": {
        "coordinates": [
          2.15791,
          47.011949
        ],
        "type": "Point"
      },
      "properties": {
        "Caisse": "181",
        "Commune": "PLOU",
        "Adresse": "LE PETIT VILLAGE",
        "_qgis_class_val": "default",
        "_qgis_style": {
          "color": "#232323",
          "fillColor": "#e8718d",
          "weight": 1.0,
          "opacity": 1.0,
          "fillOpacity": 0.6,
          "radius": 10.962,
          "dashArray": null
        }
      }
    },
    {
      "type": "Feature",
      "geometry": {
        "coordinates": [
          0.678312,
          47.379412
        ],
        "type": "Point"
      },
      "properties": {
        "Caisse": "371",
        "Commune": "TOURS",
        "Adresse": "RUE DU GENERAL RENAULT",
        "_qgis_class_val": "default",
        "_qgis_style": {
          "color": "#232323",
          "fillColor": "#e8718d",
          "weight": 1.0,
          "opacity": 1.0,
          "fillOpacity": 0.6,
          "radius": 10.962,
          "dashArray": null
        }
      }
    },
    {
      "type": "Feature",
      "geometry": {
        "coordinates": [
          2.051457,
          47.228607
        ],
        "type": "Point"
      },
      "properties": {
        "Caisse": "181",
        "Commune": "BP 536",
        "Adresse": "RUE LEO MERIGOT",
        "_qgis_class_val": "default",
        "_qgis_style": {
          "color": "#232323",
          "fillColor": "#e8718d",
          "weight": 1.0,
          "opacity": 1.0,
          "fillOpacity": 0.6,
          "radius": 10.962,
          "dashArray": null
        }
      }
    },
    {
      "type": "Feature",
      "geometry": {
        "coordinates": [
          2.417569,
          47.096196
        ],
        "type": "Point"
      },
      "properties": {
        "Caisse": "181",
        "Commune": "BOURGES",
        "Adresse": "RUE FERCHAULT DE REAUMUR",
        "_qgis_class_val": "default",
        "_qgis_style": {
          "color": "#232323",
          "fillColor": "#e8718d",
          "weight": 1.0,
          "opacity": 1.0,
          "fillOpacity": 0.6,
          "radius": 10.962,
          "dashArray": null
        }
      }
    },
    {
      "type": "Feature",
      "geometry": {
        "coordinates": [
          2.408177,
          47.106886
        ],
        "type": "Point"
      },
      "properties": {
        "Caisse": "181",
        "Commune": "BOURGES",
        "Adresse": "RUE CHARLES PEGUY",
        "_qgis_class_val": "default",
        "_qgis_style": {
          "color": "#232323",
          "fillColor": "#e8718d",
          "weight": 1.0,
          "opacity": 1.0,
          "fillOpacity": 0.6,
          "radius": 10.962,
          "dashArray": null
        }
      }
    },
    {
      "type": "Feature",
      "geometry": {
        "coordinates": [
          2.395319,
          47.064121
        ],
        "type": "Point"
      },
      "properties": {
        "Caisse": "181",
        "Commune": "BOURGES",
        "Adresse": "RUE MARCEL ET RENE CHERRIER",
        "_qgis_class_val": "default",
        "_qgis_style": {
          "color": "#232323",
          "fillColor": "#e8718d",
          "weight": 1.0,
          "opacity": 1.0,
          "fillOpacity": 0.6,
          "radius": 10.962,
          "dashArray": null
        }
      }
    },
    {
      "type": "Feature",
      "geometry": {
        "coordinates": [
          2.3978,
          47.099456
        ],
        "type": "Point"
      },
      "properties": {
        "Caisse": "181",
        "Commune": "BOURGES",
        "Adresse": "AVE D AUGSBOURG",
        "_qgis_class_val": "default",
        "_qgis_style": {
          "color": "#232323",
          "fillColor": "#e8718d",
          "weight": 1.0,
          "opacity": 1.0,
          "fillOpacity": 0.6,
          "radius": 10.962,
          "dashArray": null
        }
      }
    },
    {
      "type": "Feature",
      "geometry": {
        "coordinates": [
          2.395319,
          47.064121
        ],
        "type": "Point"
      },
      "properties": {
        "Caisse": "181",
        "Commune": "BOURGES",
        "Adresse": "RUE MARCEL ET RENE CHERRIER",
        "_qgis_class_val": "default",
        "_qgis_style": {
          "color": "#232323",
          "fillColor": "#e8718d",
          "weight": 1.0,
          "opacity": 1.0,
          "fillOpacity": 0.6,
          "radius": 10.962,
          "dashArray": null
        }
      }
    },
    {
      "type": "Feature",
      "geometry": {
        "coordinates": [
          1.929733,
          47.911705
        ],
        "type": "Point"
      },
      "properties": {
        "Caisse": "451",
        "Commune": "ORLEANS",
        "Adresse": "RUE JEAN PHILIPPE RAMEAU",
        "_qgis_class_val": "default",
        "_qgis_style": {
          "color": "#232323",
          "fillColor": "#e8718d",
          "weight": 1.0,
          "opacity": 1.0,
          "fillOpacity": 0.6,
          "radius": 10.962,
          "dashArray": null
        }
      }
    },
    {
      "type": "Feature",
      "geometry": {
        "coordinates": [
          1.632051,
          46.901096
        ],
        "type": "Point"
      },
      "properties": {
        "Caisse": "361",
        "Commune": "VINEUIL",
        "Adresse": "RTE DE VILLEGONGIS",
        "_qgis_class_val": "default",
        "_qgis_style": {
          "color": "#232323",
          "fillColor": "#e8718d",
          "weight": 1.0,
          "opacity": 1.0,
          "fillOpacity": 0.6,
          "radius": 10.962,
          "dashArray": null
        }
      }
    },
    {
      "type": "Feature",
      "geometry": {
        "coordinates": [
          1.525654,
          48.443617
        ],
        "type": "Point"
      },
      "properties": {
        "Caisse": "281",
        "Commune": "CHARTRES",
        "Adresse": "IMP NICOLAS LORIN",
        "_qgis_class_val": "default",
        "_qgis_style": {
          "color": "#232323",
          "fillColor": "#e8718d",
          "weight": 1.0,
          "opacity": 1.0,
          "fillOpacity": 0.6,
          "radius": 10.962,
          "dashArray": null
        }
      }
    },
    {
      "type": "Feature",
      "geometry": {
        "coordinates": [
          2.06456,
          47.221711
        ],
        "type": "Point"
      },
      "properties": {
        "Caisse": "181",
        "Commune": "CS 10231",
        "Adresse": "AV DU 11 NOVEMBRE 1918",
        "_qgis_class_val": "default",
        "_qgis_style": {
          "color": "#232323",
          "fillColor": "#e8718d",
          "weight": 1.0,
          "opacity": 1.0,
          "fillOpacity": 0.6,
          "radius": 10.962,
          "dashArray": null
        }
      }
    },
    {
      "type": "Feature",
      "geometry": {
        "coordinates": [
          1.929733,
          47.911705
        ],
        "type": "Point"
      },
      "properties": {
        "Caisse": "451",
        "Commune": "CS 75719",
        "Adresse": "RUE JEAN PHILIPPE RAMEAU",
        "_qgis_class_val": "default",
        "_qgis_style": {
          "color": "#232323",
          "fillColor": "#e8718d",
          "weight": 1.0,
          "opacity": 1.0,
          "fillOpacity": 0.6,
          "radius": 10.962,
          "dashArray": null
        }
      }
    },
    {
      "type": "Feature",
      "geometry": {
        "coordinates": [
          1.436413,
          46.891141
        ],
        "type": "Point"
      },
      "properties": {
        "Caisse": "361",
        "Commune": "BUZANCAIS",
        "Adresse": "RUE LOUIS BRAILLE",
        "_qgis_class_val": "default",
        "_qgis_style": {
          "color": "#232323",
          "fillColor": "#e8718d",
          "weight": 1.0,
          "opacity": 1.0,
          "fillOpacity": 0.6,
          "radius": 10.962,
          "dashArray": null
        }
      }
    },
    {
      "type": "Feature",
      "geometry": {
        "coordinates": [
          1.687056,
          48.525128
        ],
        "type": "Point"
      },
      "properties": {
        "Caisse": "281",
        "Commune": "GALLARDON",
        "Adresse": "RUE DE L ARSENAL",
        "_qgis_class_val": "default",
        "_qgis_style": {
          "color": "#232323",
          "fillColor": "#e8718d",
          "weight": 1.0,
          "opacity": 1.0,
          "fillOpacity": 0.6,
          "radius": 10.962,
          "dashArray": null
        }
      }
    },
    {
      "type": "Feature",
      "geometry": {
        "coordinates": [
          1.70399,
          46.799797
        ],
        "type": "Point"
      },
      "properties": {
        "Caisse": "361",
        "Commune": "CHATEAUROUX",
        "Adresse": "RUE MONTAIGNE",
        "_qgis_class_val": "default",
        "_qgis_style": {
          "color": "#232323",
          "fillColor": "#e8718d",
          "weight": 1.0,
          "opacity": 1.0,
          "fillOpacity": 0.6,
          "radius": 10.962,
          "dashArray": null
        }
      }
    },
    {
      "type": "Feature",
      "geometry": {
        "coordinates": [
          2.28643,
          46.641305
        ],
        "type": "Point"
      },
      "properties": {
        "Caisse": "181",
        "Commune": "LE CHATELET",
        "Adresse": "RUE NATIONALE",
        "_qgis_class_val": "default",
        "_qgis_style": {
          "color": "#232323",
          "fillColor": "#e8718d",
          "weight": 1.0,
          "opacity": 1.0,
          "fillOpacity": 0.6,
          "radius": 10.962,
          "dashArray": null
        }
      }
    },
    {
      "type": "Feature",
      "geometry": {
        "coordinates": [
          2.713334,
          48.032051
        ],
        "type": "Point"
      },
      "properties": {
        "Caisse": "451",
        "Commune": "CORQUILLEROY",
        "Adresse": "IMP DES ROSES",
        "_qgis_class_val": "default",
        "_qgis_style": {
          "color": "#232323",
          "fillColor": "#e8718d",
          "weight": 1.0,
          "opacity": 1.0,
          "fillOpacity": 0.6,
          "radius": 10.962,
          "dashArray": null
        }
      }
    },
    {
      "type": "Feature",
      "geometry": {
        "coordinates": [
          2.5074,
          46.730266
        ],
        "type": "Point"
      },
      "properties": {
        "Caisse": "181",
        "Commune": "ST AMAND MONTROND",
        "Adresse": "ALL DES PAQUERETTES",
        "_qgis_class_val": "default",
        "_qgis_style": {
          "color": "#232323",
          "fillColor": "#e8718d",
          "weight": 1.0,
          "opacity": 1.0,
          "fillOpacity": 0.6,
          "radius": 10.962,
          "dashArray": null
        }
      }
    },
    {
      "type": "Feature",
      "geometry": {
        "coordinates": [
          2.337854,
          48.071162
        ],
        "type": "Point"
      },
      "properties": {
        "Caisse": "451",
        "Commune": "NANCRAY SUR RIMARDE",
        "Adresse": "RTE DE COURCELLES",
        "_qgis_class_val": "default",
        "_qgis_style": {
          "color": "#232323",
          "fillColor": "#e8718d",
          "weight": 1.0,
          "opacity": 1.0,
          "fillOpacity": 0.6,
          "radius": 10.962,
          "dashArray": null
        }
      }
    },
    {
      "type": "Feature",
      "geometry": {
        "coordinates": [
          1.10859,
          47.319048
        ],
        "type": "Point"
      },
      "properties": {
        "Caisse": "281",
        "Commune": "ST GEORGES SUR CHER",
        "Adresse": "RTE DE LA RABOTIERE",
        "_qgis_class_val": "default",
        "_qgis_style": {
          "color": "#232323",
          "fillColor": "#e8718d",
          "weight": 1.0,
          "opacity": 1.0,
          "fillOpacity": 0.6,
          "radius": 10.962,
          "dashArray": null
        }
      }
    },
    {
      "type": "Feature",
      "geometry": {
        "coordinates": [
          2.446963,
          46.913842
        ],
        "type": "Point"
      },
      "properties": {
        "Caisse": "181",
        "Commune": "ST GERMAIN DES BOIS",
        "Adresse": "RUE DE L ANCIENNE GARE",
        "_qgis_class_val": "default",
        "_qgis_style": {
          "color": "#232323",
          "fillColor": "#e8718d",
          "weight": 1.0,
          "opacity": 1.0,
          "fillOpacity": 0.6,
          "radius": 10.962,
          "dashArray": null
        }
      }
    },
    {
      "type": "Feature",
      "geometry": {
        "coordinates": [
          2.444434,
          46.910663
        ],
        "type": "Point"
      },
      "properties": {
        "Caisse": "181",
        "Commune": "ST GERMAIN DES BOIS",
        "Adresse": "RTE DE BARANTHEAUME",
        "_qgis_class_val": "default",
        "_qgis_style": {
          "color": "#232323",
          "fillColor": "#e8718d",
          "weight": 1.0,
          "opacity": 1.0,
          "fillOpacity": 0.6,
          "radius": 10.962,
          "dashArray": null
        }
      }
    },
    {
      "type": "Feature",
      "geometry": {
        "coordinates": [
          2.439733,
          46.915158
        ],
        "type": "Point"
      },
      "properties": {
        "Caisse": "181",
        "Commune": "ST GERMAIN DES BOIS",
        "Adresse": "RUE DE BEAUVOIR",
        "_qgis_class_val": "default",
        "_qgis_style": {
          "color": "#232323",
          "fillColor": "#e8718d",
          "weight": 1.0,
          "opacity": 1.0,
          "fillOpacity": 0.6,
          "radius": 10.962,
          "dashArray": null
        }
      }
    },
    {
      "type": "Feature",
      "geometry": {
        "coordinates": [
          2.965727,
          46.953788
        ],
        "type": "Point"
      },
      "properties": {
        "Caisse": "181",
        "Commune": "LA GUERCHE SUR L AUBOIS",
        "Adresse": "RUE DU BORDELAGE",
        "_qgis_class_val": "default",
        "_qgis_style": {
          "color": "#232323",
          "fillColor": "#e8718d",
          "weight": 1.0,
          "opacity": 1.0,
          "fillOpacity": 0.6,
          "radius": 10.962,
          "dashArray": null
        }
      }
    },
    {
      "type": "Feature",
      "geometry": {
        "coordinates": [
          1.446238,
          48.433094
        ],
        "type": "Point"
      },
      "properties": {
        "Caisse": "281",
        "Commune": "LUCE",
        "Adresse": "RES DES BEGUINES",
        "_qgis_class_val": "default",
        "_qgis_style": {
          "color": "#232323",
          "fillColor": "#e8718d",
          "weight": 1.0,
          "opacity": 1.0,
          "fillOpacity": 0.6,
          "radius": 10.962,
          "dashArray": null
        }
      }
    },
    {
      "type": "Feature",
      "geometry": {
        "coordinates": [
          2.648316,
          47.036436
        ],
        "type": "Point"
      },
      "properties": {
        "Caisse": "181",
        "Commune": "AVORD",
        "Adresse": "RUE DES COURLIS",
        "_qgis_class_val": "default",
        "_qgis_style": {
          "color": "#232323",
          "fillColor": "#e8718d",
          "weight": 1.0,
          "opacity": 1.0,
          "fillOpacity": 0.6,
          "radius": 10.962,
          "dashArray": null
        }
      }
    },
    {
      "type": "Feature",
      "geometry": {
        "coordinates": [
          2.638107,
          47.038222
        ],
        "type": "Point"
      },
      "properties": {
        "Caisse": "181",
        "Commune": "AVORD",
        "Adresse": "RUE R C O BEAZER",
        "_qgis_class_val": "default",
        "_qgis_style": {
          "color": "#232323",
          "fillColor": "#e8718d",
          "weight": 1.0,
          "opacity": 1.0,
          "fillOpacity": 0.6,
          "radius": 10.962,
          "dashArray": null
        }
      }
    },
    {
      "type": "Feature",
      "geometry": {
        "coordinates": [
          1.713346,
          46.794554
        ],
        "type": "Point"
      },
      "properties": {
        "Caisse": "361",
        "Commune": "BP 44",
        "Adresse": "RUE DES INGRAINS",
        "_qgis_class_val": "default",
        "_qgis_style": {
          "color": "#232323",
          "fillColor": "#e8718d",
          "weight": 1.0,
          "opacity": 1.0,
          "fillOpacity": 0.6,
          "radius": 10.962,
          "dashArray": null
        }
      }
    },
    {
      "type": "Feature",
      "geometry": {
        "coordinates": [
          0.950432,
          46.703473
        ],
        "type": "Point"
      },
      "properties": {
        "Caisse": "361",
        "Commune": "LURAIS",
        "Adresse": "RUE DU HAUT BOURG",
        "_qgis_class_val": "default",
        "_qgis_style": {
          "color": "#232323",
          "fillColor": "#e8718d",
          "weight": 1.0,
          "opacity": 1.0,
          "fillOpacity": 0.6,
          "radius": 10.962,
          "dashArray": null
        }
      }
    },
    {
      "type": "Feature",
      "geometry": {
        "coordinates": [
          1.883337,
          47.8649
        ],
        "type": "Point"
      },
      "properties": {
        "Caisse": "451",
        "Commune": "OLIVET",
        "Adresse": "ALL DE LA PETITE CERISE",
        "_qgis_class_val": "default",
        "_qgis_style": {
          "color": "#232323",
          "fillColor": "#e8718d",
          "weight": 1.0,
          "opacity": 1.0,
          "fillOpacity": 0.6,
          "radius": 10.962,
          "dashArray": null
        }
      }
    },
    {
      "type": "Feature",
      "geometry": {
        "coordinates": [
          2.401467,
          47.104236
        ],
        "type": "Point"
      },
      "properties": {
        "Caisse": "181",
        "Commune": "BOURGES",
        "Adresse": "RUE LOUIS LUMIERE",
        "_qgis_class_val": "default",
        "_qgis_style": {
          "color": "#232323",
          "fillColor": "#e8718d",
          "weight": 1.0,
          "opacity": 1.0,
          "fillOpacity": 0.6,
          "radius": 10.962,
          "dashArray": null
        }
      }
    },
    {
      "type": "Feature",
      "geometry": {
        "coordinates": [
          2.434115,
          47.083479
        ],
        "type": "Point"
      },
      "properties": {
        "Caisse": "181",
        "Commune": "BOURGES",
        "Adresse": "AVE FRANCOIS MITTERRAND",
        "_qgis_class_val": "default",
        "_qgis_style": {
          "color": "#232323",
          "fillColor": "#e8718d",
          "weight": 1.0,
          "opacity": 1.0,
          "fillOpacity": 0.6,
          "radius": 10.962,
          "dashArray": null
        }
      }
    },
    {
      "type": "Feature",
      "geometry": {
        "coordinates": [
          2.406691,
          47.072715
        ],
        "type": "Point"
      },
      "properties": {
        "Caisse": "181",
        "Commune": "BOURGES",
        "Adresse": "RUE ABBE PIERRE",
        "_qgis_class_val": "default",
        "_qgis_style": {
          "color": "#232323",
          "fillColor": "#e8718d",
          "weight": 1.0,
          "opacity": 1.0,
          "fillOpacity": 0.6,
          "radius": 10.962,
          "dashArray": null
        }
      }
    },
    {
      "type": "Feature",
      "geometry": {
        "coordinates": [
          2.30604,
          47.568197
        ],
        "type": "Point"
      },
      "properties": {
        "Caisse": "181",
        "Commune": "CLEMONT",
        "Adresse": "RUE JULES DE LA BULLY",
        "_qgis_class_val": "default",
        "_qgis_style": {
          "color": "#232323",
          "fillColor": "#e8718d",
          "weight": 1.0,
          "opacity": 1.0,
          "fillOpacity": 0.6,
          "radius": 10.962,
          "dashArray": null
        }
      }
    },
    {
      "type": "Feature",
      "geometry": {
        "coordinates": [
          2.293931,
          48.225371
        ],
        "type": "Point"
      },
      "properties": {
        "Caisse": "451",
        "Commune": "RAMOULU",
        "Adresse": "PL DE LA FONTAINE",
        "_qgis_class_val": "default",
        "_qgis_style": {
          "color": "#232323",
          "fillColor": "#e8718d",
          "weight": 1.0,
          "opacity": 1.0,
          "fillOpacity": 0.6,
          "radius": 10.962,
          "dashArray": null
        }
      }
    },
    {
      "type": "Feature",
      "geometry": {
        "coordinates": [
          1.518221,
          48.436777
        ],
        "type": "Point"
      },
      "properties": {
        "Caisse": "281",
        "Commune": "CS 20011",
        "Adresse": "RUE CHARLES DE COULOMB",
        "_qgis_class_val": "default",
        "_qgis_style": {
          "color": "#232323",
          "fillColor": "#e8718d",
          "weight": 1.0,
          "opacity": 1.0,
          "fillOpacity": 0.6,
          "radius": 10.962,
          "dashArray": null
        }
      }
    },
    {
      "type": "Feature",
      "geometry": {
        "coordinates": [
          1.929733,
          47.911705
        ],
        "type": "Point"
      },
      "properties": {
        "Caisse": "451",
        "Commune": "CS 75719",
        "Adresse": "RUE JEAN PHILIPPE RAMEAU",
        "_qgis_class_val": "default",
        "_qgis_style": {
          "color": "#232323",
          "fillColor": "#e8718d",
          "weight": 1.0,
          "opacity": 1.0,
          "fillOpacity": 0.6,
          "radius": 10.962,
          "dashArray": null
        }
      }
    },
    {
      "type": "Feature",
      "geometry": {
        "coordinates": [
          1.073522,
          46.637233
        ],
        "type": "Point"
      },
      "properties": {
        "Caisse": "361",
        "Commune": "LE BLANC",
        "Adresse": "RUE DE BREST",
        "_qgis_class_val": "default",
        "_qgis_style": {
          "color": "#232323",
          "fillColor": "#e8718d",
          "weight": 1.0,
          "opacity": 1.0,
          "fillOpacity": 0.6,
          "radius": 10.962,
          "dashArray": null
        }
      }
    },
    {
      "type": "Feature",
      "geometry": {
        "coordinates": [
          1.028046,
          48.566336
        ],
        "type": "Point"
      },
      "properties": {
        "Caisse": "281",
        "Commune": "SENONCHES",
        "Adresse": "RUE DE LA FERTE VIDAME",
        "_qgis_class_val": "default",
        "_qgis_style": {
          "color": "#232323",
          "fillColor": "#e8718d",
          "weight": 1.0,
          "opacity": 1.0,
          "fillOpacity": 0.6,
          "radius": 10.962,
          "dashArray": null
        }
      }
    },
    {
      "type": "Feature",
      "geometry": {
        "coordinates": [
          1.048339,
          48.562815
        ],
        "type": "Point"
      },
      "properties": {
        "Caisse": "281",
        "Commune": "SENONCHES",
        "Adresse": "LD BELLEVUE",
        "_qgis_class_val": "default",
        "_qgis_style": {
          "color": "#232323",
          "fillColor": "#e8718d",
          "weight": 1.0,
          "opacity": 1.0,
          "fillOpacity": 0.6,
          "radius": 10.962,
          "dashArray": null
        }
      }
    },
    {
      "type": "Feature",
      "geometry": {
        "coordinates": [
          1.713346,
          46.794554
        ],
        "type": "Point"
      },
      "properties": {
        "Caisse": "361",
        "Commune": "CHATEAUROUX",
        "Adresse": "RUE DES INGRAINS",
        "_qgis_class_val": "default",
        "_qgis_style": {
          "color": "#232323",
          "fillColor": "#e8718d",
          "weight": 1.0,
          "opacity": 1.0,
          "fillOpacity": 0.6,
          "radius": 10.962,
          "dashArray": null
        }
      }
    },
    {
      "type": "Feature",
      "geometry": {
        "coordinates": [
          2.710336,
          47.325481
        ],
        "type": "Point"
      },
      "properties": {
        "Caisse": "181",
        "Commune": "SENS BEAUJEU",
        "Adresse": "LE RUGUENARD",
        "_qgis_class_val": "default",
        "_qgis_style": {
          "color": "#232323",
          "fillColor": "#e8718d",
          "weight": 1.0,
          "opacity": 1.0,
          "fillOpacity": 0.6,
          "radius": 10.962,
          "dashArray": null
        }
      }
    },
    {
      "type": "Feature",
      "geometry": {
        "coordinates": [
          2.573129,
          46.889506
        ],
        "type": "Point"
      },
      "properties": {
        "Caisse": "181",
        "Commune": "DUN SUR AURON",
        "Adresse": "RUE DE L ERMITAGE",
        "_qgis_class_val": "default",
        "_qgis_style": {
          "color": "#232323",
          "fillColor": "#e8718d",
          "weight": 1.0,
          "opacity": 1.0,
          "fillOpacity": 0.6,
          "radius": 10.962,
          "dashArray": null
        }
      }
    },
    {
      "type": "Feature",
      "geometry": {
        "coordinates": [
          2.051457,
          47.228607
        ],
        "type": "Point"
      },
      "properties": {
        "Caisse": "181",
        "Commune": "VIERZON CEDEX",
        "Adresse": "RUE LEO MERIGOT",
        "_qgis_class_val": "default",
        "_qgis_style": {
          "color": "#232323",
          "fillColor": "#e8718d",
          "weight": 1.0,
          "opacity": 1.0,
          "fillOpacity": 0.6,
          "radius": 10.962,
          "dashArray": null
        }
      }
    },
    {
      "type": "Feature",
      "geometry": {
        "coordinates": [
          1.782626,
          47.981484
        ],
        "type": "Point"
      },
      "properties": {
        "Caisse": "451",
        "Commune": "BOULAY LES BARRES",
        "Adresse": "RUE JACQUELINE DOMERGUE",
        "_qgis_class_val": "default",
        "_qgis_style": {
          "color": "#232323",
          "fillColor": "#e8718d",
          "weight": 1.0,
          "opacity": 1.0,
          "fillOpacity": 0.6,
          "radius": 10.962,
          "dashArray": null
        }
      }
    },
    {
      "type": "Feature",
      "geometry": {
        "coordinates": [
          1.407793,
          47.177532
        ],
        "type": "Point"
      },
      "properties": {
        "Caisse": "361",
        "Commune": "FAVEROLLES EN BERRY",
        "Adresse": "LES RAVINEAUX",
        "_qgis_class_val": "default",
        "_qgis_style": {
          "color": "#232323",
          "fillColor": "#e8718d",
          "weight": 1.0,
          "opacity": 1.0,
          "fillOpacity": 0.6,
          "radius": 10.962,
          "dashArray": null
        }
      }
    },
    {
      "type": "Feature",
      "geometry": {
        "coordinates": [
          1.471281,
          48.442372
        ],
        "type": "Point"
      },
      "properties": {
        "Caisse": "281",
        "Commune": "LUCE",
        "Adresse": "DU GEN ALAIN DE BOISSIEU",
        "_qgis_class_val": "default",
        "_qgis_style": {
          "color": "#232323",
          "fillColor": "#e8718d",
          "weight": 1.0,
          "opacity": 1.0,
          "fillOpacity": 0.6,
          "radius": 10.962,
          "dashArray": null
        }
      }
    },
    {
      "type": "Feature",
      "geometry": {
        "coordinates": [
          2.601725,
          46.694215
        ],
        "type": "Point"
      },
      "properties": {
        "Caisse": "181",
        "Commune": "COUST",
        "Adresse": "ALL DES GAGNERIES",
        "_qgis_class_val": "default",
        "_qgis_style": {
          "color": "#232323",
          "fillColor": "#e8718d",
          "weight": 1.0,
          "opacity": 1.0,
          "fillOpacity": 0.6,
          "radius": 10.962,
          "dashArray": null
        }
      }
    },
    {
      "type": "Feature",
      "geometry": {
        "coordinates": [
          1.709511,
          46.826895
        ],
        "type": "Point"
      },
      "properties": {
        "Caisse": "361",
        "Commune": "DEOLS",
        "Adresse": "AVE MAURICE THOREZ",
        "_qgis_class_val": "default",
        "_qgis_style": {
          "color": "#232323",
          "fillColor": "#e8718d",
          "weight": 1.0,
          "opacity": 1.0,
          "fillOpacity": 0.6,
          "radius": 10.962,
          "dashArray": null
        }
      }
    },
    {
      "type": "Feature",
      "geometry": {
        "coordinates": [
          1.366577,
          48.726942
        ],
        "type": "Point"
      },
      "properties": {
        "Caisse": "281",
        "Commune": "DREUX",
        "Adresse": "BVD MARCEAU",
        "_qgis_class_val": "default",
        "_qgis_style": {
          "color": "#232323",
          "fillColor": "#e8718d",
          "weight": 1.0,
          "opacity": 1.0,
          "fillOpacity": 0.6,
          "radius": 10.962,
          "dashArray": null
        }
      }
    },
    {
      "type": "Feature",
      "geometry": {
        "coordinates": [
          2.536966,
          48.00709
        ],
        "type": "Point"
      },
      "properties": {
        "Caisse": "451",
        "Commune": "LADON",
        "Adresse": "RUE DU GRAND CHAILLAU",
        "_qgis_class_val": "default",
        "_qgis_style": {
          "color": "#232323",
          "fillColor": "#e8718d",
          "weight": 1.0,
          "opacity": 1.0,
          "fillOpacity": 0.6,
          "radius": 10.962,
          "dashArray": null
        }
      }
    },
    {
      "type": "Feature",
      "geometry": {
        "coordinates": [
          2.398948,
          47.104227
        ],
        "type": "Point"
      },
      "properties": {
        "Caisse": "181",
        "Commune": "BOURGES",
        "Adresse": "RUE LOUIS BILLANT",
        "_qgis_class_val": "default",
        "_qgis_style": {
          "color": "#232323",
          "fillColor": "#e8718d",
          "weight": 1.0,
          "opacity": 1.0,
          "fillOpacity": 0.6,
          "radius": 10.962,
          "dashArray": null
        }
      }
    },
    {
      "type": "Feature",
      "geometry": {
        "coordinates": [
          2.362894,
          47.073173
        ],
        "type": "Point"
      },
      "properties": {
        "Caisse": "181",
        "Commune": "BOURGES",
        "Adresse": "CHE TORTIOT",
        "_qgis_class_val": "default",
        "_qgis_style": {
          "color": "#232323",
          "fillColor": "#e8718d",
          "weight": 1.0,
          "opacity": 1.0,
          "fillOpacity": 0.6,
          "radius": 10.962,
          "dashArray": null
        }
      }
    },
    {
      "type": "Feature",
      "geometry": {
        "coordinates": [
          2.392112,
          47.055154
        ],
        "type": "Point"
      },
      "properties": {
        "Caisse": "181",
        "Commune": "BOURGES",
        "Adresse": "RUE DE LA PAIX",
        "_qgis_class_val": "default",
        "_qgis_style": {
          "color": "#232323",
          "fillColor": "#e8718d",
          "weight": 1.0,
          "opacity": 1.0,
          "fillOpacity": 0.6,
          "radius": 10.962,
          "dashArray": null
        }
      }
    },
    {
      "type": "Feature",
      "geometry": {
        "coordinates": [
          2.390844,
          47.085482
        ],
        "type": "Point"
      },
      "properties": {
        "Caisse": "181",
        "Commune": "BOURGES",
        "Adresse": "RUE LITTRE",
        "_qgis_class_val": "default",
        "_qgis_style": {
          "color": "#232323",
          "fillColor": "#e8718d",
          "weight": 1.0,
          "opacity": 1.0,
          "fillOpacity": 0.6,
          "radius": 10.962,
          "dashArray": null
        }
      }
    },
    {
      "type": "Feature",
      "geometry": {
        "coordinates": [
          1.674084,
          48.612171
        ],
        "type": "Point"
      },
      "properties": {
        "Caisse": "281",
        "Commune": "EPERNON",
        "Adresse": "RES CHASLES",
        "_qgis_class_val": "default",
        "_qgis_style": {
          "color": "#232323",
          "fillColor": "#e8718d",
          "weight": 1.0,
          "opacity": 1.0,
          "fillOpacity": 0.6,
          "radius": 10.962,
          "dashArray": null
        }
      }
    },
    {
      "type": "Feature",
      "geometry": {
        "coordinates": [
          1.931968,
          47.833187
        ],
        "type": "Point"
      },
      "properties": {
        "Caisse": "451",
        "Commune": "ORLEANS",
        "Adresse": "RUE LA FAYETTE",
        "_qgis_class_val": "default",
        "_qgis_style": {
          "color": "#232323",
          "fillColor": "#e8718d",
          "weight": 1.0,
          "opacity": 1.0,
          "fillOpacity": 0.6,
          "radius": 10.962,
          "dashArray": null
        }
      }
    },
    {
      "type": "Feature",
      "geometry": {
        "coordinates": [
          1.89833,
          47.919068
        ],
        "type": "Point"
      },
      "properties": {
        "Caisse": "451",
        "Commune": "ORLEANS",
        "Adresse": "RUE DU FAUBOURG BANNIER",
        "_qgis_class_val": "default",
        "_qgis_style": {
          "color": "#232323",
          "fillColor": "#e8718d",
          "weight": 1.0,
          "opacity": 1.0,
          "fillOpacity": 0.6,
          "radius": 10.962,
          "dashArray": null
        }
      }
    },
    {
      "type": "Feature",
      "geometry": {
        "coordinates": [
          0.399374,
          47.425727
        ],
        "type": "Point"
      },
      "properties": {
        "Caisse": "371",
        "Commune": "AMBILLOU",
        "Adresse": "RUE DES ROUCHERETS",
        "_qgis_class_val": "default",
        "_qgis_style": {
          "color": "#232323",
          "fillColor": "#e8718d",
          "weight": 1.0,
          "opacity": 1.0,
          "fillOpacity": 0.6,
          "radius": 10.962,
          "dashArray": null
        }
      }
    },
    {
      "type": "Feature",
      "geometry": {
        "coordinates": [
          1.488721,
          48.433656
        ],
        "type": "Point"
      },
      "properties": {
        "Caisse": "281",
        "Commune": "CHARTRES",
        "Adresse": "RUE DES PERRIERS",
        "_qgis_class_val": "default",
        "_qgis_style": {
          "color": "#232323",
          "fillColor": "#e8718d",
          "weight": 1.0,
          "opacity": 1.0,
          "fillOpacity": 0.6,
          "radius": 10.962,
          "dashArray": null
        }
      }
    },
    {
      "type": "Feature",
      "geometry": {
        "coordinates": [
          1.478236,
          48.463284
        ],
        "type": "Point"
      },
      "properties": {
        "Caisse": "281",
        "Commune": "CHARTRES",
        "Adresse": "PLACE DES HALLES - HOTEL",
        "_qgis_class_val": "default",
        "_qgis_style": {
          "color": "#232323",
          "fillColor": "#e8718d",
          "weight": 1.0,
          "opacity": 1.0,
          "fillOpacity": 0.6,
          "radius": 10.962,
          "dashArray": null
        }
      }
    },
    {
      "type": "Feature",
      "geometry": {
        "coordinates": [
          1.929733,
          47.911705
        ],
        "type": "Point"
      },
      "properties": {
        "Caisse": "451",
        "Commune": "CS 75719",
        "Adresse": "RUE JEAN PHILIPPE RAMEAU",
        "_qgis_class_val": "default",
        "_qgis_style": {
          "color": "#232323",
          "fillColor": "#e8718d",
          "weight": 1.0,
          "opacity": 1.0,
          "fillOpacity": 0.6,
          "radius": 10.962,
          "dashArray": null
        }
      }
    },
    {
      "type": "Feature",
      "geometry": {
        "coordinates": [
          1.500458,
          48.424162
        ],
        "type": "Point"
      },
      "properties": {
        "Caisse": "281",
        "Commune": "LE COUDRAY",
        "Adresse": "AVE DE L EUROPE",
        "_qgis_class_val": "default",
        "_qgis_style": {
          "color": "#232323",
          "fillColor": "#e8718d",
          "weight": 1.0,
          "opacity": 1.0,
          "fillOpacity": 0.6,
          "radius": 10.962,
          "dashArray": null
        }
      }
    },
    {
      "type": "Feature",
      "geometry": {
        "coordinates": [
          1.693583,
          46.812354
        ],
        "type": "Point"
      },
      "properties": {
        "Caisse": "361",
        "Commune": "CHATEAUROUX",
        "Adresse": "RUE DU GENERAL BERTRAND",
        "_qgis_class_val": "default",
        "_qgis_style": {
          "color": "#232323",
          "fillColor": "#e8718d",
          "weight": 1.0,
          "opacity": 1.0,
          "fillOpacity": 0.6,
          "radius": 10.962,
          "dashArray": null
        }
      }
    },
    {
      "type": "Feature",
      "geometry": {
        "coordinates": [
          1.71227,
          46.798521
        ],
        "type": "Point"
      },
      "properties": {
        "Caisse": "361",
        "Commune": "CHATEAUROUX",
        "Adresse": "BVD BLAISE PASCAL",
        "_qgis_class_val": "default",
        "_qgis_style": {
          "color": "#232323",
          "fillColor": "#e8718d",
          "weight": 1.0,
          "opacity": 1.0,
          "fillOpacity": 0.6,
          "radius": 10.962,
          "dashArray": null
        }
      }
    },
    {
      "type": "Feature",
      "geometry": {
        "coordinates": [
          1.70269,
          46.811828
        ],
        "type": "Point"
      },
      "properties": {
        "Caisse": "361",
        "Commune": "CHATEAUROUX",
        "Adresse": "RUE DE MOUSSEAUX",
        "_qgis_class_val": "default",
        "_qgis_style": {
          "color": "#232323",
          "fillColor": "#e8718d",
          "weight": 1.0,
          "opacity": 1.0,
          "fillOpacity": 0.6,
          "radius": 10.962,
          "dashArray": null
        }
      }
    },
    {
      "type": "Feature",
      "geometry": {
        "coordinates": [
          1.368977,
          48.721011
        ],
        "type": "Point"
      },
      "properties": {
        "Caisse": "281",
        "Commune": "VERNOUILLET",
        "Adresse": "RUE DU PRESSOIR",
        "_qgis_class_val": "default",
        "_qgis_style": {
          "color": "#232323",
          "fillColor": "#e8718d",
          "weight": 1.0,
          "opacity": 1.0,
          "fillOpacity": 0.6,
          "radius": 10.962,
          "dashArray": null
        }
      }
    },
    {
      "type": "Feature",
      "geometry": {
        "coordinates": [
          1.364331,
          48.714603
        ],
        "type": "Point"
      },
      "properties": {
        "Caisse": "281",
        "Commune": "VERNOUILLET",
        "Adresse": "AVE HECTOR BERLIOZ",
        "_qgis_class_val": "default",
        "_qgis_style": {
          "color": "#232323",
          "fillColor": "#e8718d",
          "weight": 1.0,
          "opacity": 1.0,
          "fillOpacity": 0.6,
          "radius": 10.962,
          "dashArray": null
        }
      }
    },
    {
      "type": "Feature",
      "geometry": {
        "coordinates": [
          1.714736,
          48.434877
        ],
        "type": "Point"
      },
      "properties": {
        "Caisse": "281",
        "Commune": "BEVILLE LE COMTE",
        "Adresse": "RUE CLAUDE DE ROUGE",
        "_qgis_class_val": "default",
        "_qgis_style": {
          "color": "#232323",
          "fillColor": "#e8718d",
          "weight": 1.0,
          "opacity": 1.0,
          "fillOpacity": 0.6,
          "radius": 10.962,
          "dashArray": null
        }
      }
    },
    {
      "type": "Feature",
      "geometry": {
        "coordinates": [
          1.943137,
          48.27966
        ],
        "type": "Point"
      },
      "properties": {
        "Caisse": "281",
        "Commune": "ROUVRAY ST DENIS",
        "Adresse": "RUE DE LA MAIRIE",
        "_qgis_class_val": "default",
        "_qgis_style": {
          "color": "#232323",
          "fillColor": "#e8718d",
          "weight": 1.0,
          "opacity": 1.0,
          "fillOpacity": 0.6,
          "radius": 10.962,
          "dashArray": null
        }
      }
    },
    {
      "type": "Feature",
      "geometry": {
        "coordinates": [
          2.500501,
          46.731495
        ],
        "type": "Point"
      },
      "properties": {
        "Caisse": "181",
        "Commune": "ST AMAND MONTROND",
        "Adresse": "RUE ANDRE MALRAUX",
        "_qgis_class_val": "default",
        "_qgis_style": {
          "color": "#232323",
          "fillColor": "#e8718d",
          "weight": 1.0,
          "opacity": 1.0,
          "fillOpacity": 0.6,
          "radius": 10.962,
          "dashArray": null
        }
      }
    },
    {
      "type": "Feature",
      "geometry": {
        "coordinates": [
          2.445469,
          47.560699
        ],
        "type": "Point"
      },
      "properties": {
        "Caisse": "181",
        "Commune": "ARGENT SUR SAULDRE",
        "Adresse": "RUE HOCHE",
        "_qgis_class_val": "default",
        "_qgis_style": {
          "color": "#232323",
          "fillColor": "#e8718d",
          "weight": 1.0,
          "opacity": 1.0,
          "fillOpacity": 0.6,
          "radius": 10.962,
          "dashArray": null
        }
      }
    },
    {
      "type": "Feature",
      "geometry": {
        "coordinates": [
          1.928898,
          47.93054
        ],
        "type": "Point"
      },
      "properties": {
        "Caisse": "451",
        "Commune": "FLEURY LES AUBRAIS",
        "Adresse": "RUE JULES VALLES",
        "_qgis_class_val": "default",
        "_qgis_style": {
          "color": "#232323",
          "fillColor": "#e8718d",
          "weight": 1.0,
          "opacity": 1.0,
          "fillOpacity": 0.6,
          "radius": 10.962,
          "dashArray": null
        }
      }
    },
    {
      "type": "Feature",
      "geometry": {
        "coordinates": [
          2.759805,
          48.066151
        ],
        "type": "Point"
      },
      "properties": {
        "Caisse": "451",
        "Commune": "FONTENAY SUR LOING",
        "Adresse": "LA MAISON BLANCHE",
        "_qgis_class_val": "default",
        "_qgis_style": {
          "color": "#232323",
          "fillColor": "#e8718d",
          "weight": 1.0,
          "opacity": 1.0,
          "fillOpacity": 0.6,
          "radius": 10.962,
          "dashArray": null
        }
      }
    },
    {
      "type": "Feature",
      "geometry": {
        "coordinates": [
          2.496941,
          46.60155
        ],
        "type": "Point"
      },
      "properties": {
        "Caisse": "181",
        "Commune": "SAULZAIS LE POTIER",
        "Adresse": "RUE DU GRES ROSE",
        "_qgis_class_val": "default",
        "_qgis_style": {
          "color": "#232323",
          "fillColor": "#e8718d",
          "weight": 1.0,
          "opacity": 1.0,
          "fillOpacity": 0.6,
          "radius": 10.962,
          "dashArray": null
        }
      }
    },
    {
      "type": "Feature",
      "geometry": {
        "coordinates": [
          1.886036,
          47.931096
        ],
        "type": "Point"
      },
      "properties": {
        "Caisse": "451",
        "Commune": "SARAN",
        "Adresse": "RUE DES SABLONNIERES",
        "_qgis_class_val": "default",
        "_qgis_style": {
          "color": "#232323",
          "fillColor": "#e8718d",
          "weight": 1.0,
          "opacity": 1.0,
          "fillOpacity": 0.6,
          "radius": 10.962,
          "dashArray": null
        }
      }
    },
    {
      "type": "Feature",
      "geometry": {
        "coordinates": [
          0.393016,
          47.424644
        ],
        "type": "Point"
      },
      "properties": {
        "Caisse": "371",
        "Commune": "CLERE LES PINS",
        "Adresse": "AVE DES BOULEAUX",
        "_qgis_class_val": "default",
        "_qgis_style": {
          "color": "#232323",
          "fillColor": "#e8718d",
          "weight": 1.0,
          "opacity": 1.0,
          "fillOpacity": 0.6,
          "radius": 10.962,
          "dashArray": null
        }
      }
    },
    {
      "type": "Feature",
      "geometry": {
        "coordinates": [
          2.407108,
          47.119741
        ],
        "type": "Point"
      },
      "properties": {
        "Caisse": "181",
        "Commune": "BOURGES",
        "Adresse": "RUE GAUCHERE",
        "_qgis_class_val": "default",
        "_qgis_style": {
          "color": "#232323",
          "fillColor": "#e8718d",
          "weight": 1.0,
          "opacity": 1.0,
          "fillOpacity": 0.6,
          "radius": 10.962,
          "dashArray": null
        }
      }
    },
    {
      "type": "Feature",
      "geometry": {
        "coordinates": [
          2.398769,
          47.080385
        ],
        "type": "Point"
      },
      "properties": {
        "Caisse": "181",
        "Commune": "CS 40216",
        "Adresse": "RUE JACQUES RIMBAULT",
        "_qgis_class_val": "default",
        "_qgis_style": {
          "color": "#232323",
          "fillColor": "#e8718d",
          "weight": 1.0,
          "opacity": 1.0,
          "fillOpacity": 0.6,
          "radius": 10.962,
          "dashArray": null
        }
      }
    },
    {
      "type": "Feature",
      "geometry": {
        "coordinates": [
          1.91287,
          47.891069
        ],
        "type": "Point"
      },
      "properties": {
        "Caisse": "451",
        "Commune": "ST JEAN LE BLANC",
        "Adresse": "ALL D IDALIE",
        "_qgis_class_val": "default",
        "_qgis_style": {
          "color": "#232323",
          "fillColor": "#e8718d",
          "weight": 1.0,
          "opacity": 1.0,
          "fillOpacity": 0.6,
          "radius": 10.962,
          "dashArray": null
        }
      }
    },
    {
      "type": "Feature",
      "geometry": {
        "coordinates": [
          1.921941,
          47.926944
        ],
        "type": "Point"
      },
      "properties": {
        "Caisse": "451",
        "Commune": "FLEURY LES AUBRAIS",
        "Adresse": "RUE ALBERT CAMUS",
        "_qgis_class_val": "default",
        "_qgis_style": {
          "color": "#232323",
          "fillColor": "#e8718d",
          "weight": 1.0,
          "opacity": 1.0,
          "fillOpacity": 0.6,
          "radius": 10.962,
          "dashArray": null
        }
      }
    },
    {
      "type": "Feature",
      "geometry": {
        "coordinates": [
          0.650763,
          47.513897
        ],
        "type": "Point"
      },
      "properties": {
        "Caisse": "371",
        "Commune": "ROUZIERS DE TOURAINE",
        "Adresse": "RUE DU STADE",
        "_qgis_class_val": "default",
        "_qgis_style": {
          "color": "#232323",
          "fillColor": "#e8718d",
          "weight": 1.0,
          "opacity": 1.0,
          "fillOpacity": 0.6,
          "radius": 10.962,
          "dashArray": null
        }
      }
    },
    {
      "type": "Feature",
      "geometry": {
        "coordinates": [
          2.060028,
          48.125468
        ],
        "type": "Point"
      },
      "properties": {
        "Caisse": "451",
        "Commune": "CROTTES EN PITHIVERAIS",
        "Adresse": "RUE DE LA MOINERIE",
        "_qgis_class_val": "default",
        "_qgis_style": {
          "color": "#232323",
          "fillColor": "#e8718d",
          "weight": 1.0,
          "opacity": 1.0,
          "fillOpacity": 0.6,
          "radius": 10.962,
          "dashArray": null
        }
      }
    },
    {
      "type": "Feature",
      "geometry": {
        "coordinates": [
          1.450507,
          48.436561
        ],
        "type": "Point"
      },
      "properties": {
        "Caisse": "281",
        "Commune": "LUCE",
        "Adresse": "R DE SAINT GEORGES SUR EURE",
        "_qgis_class_val": "default",
        "_qgis_style": {
          "color": "#232323",
          "fillColor": "#e8718d",
          "weight": 1.0,
          "opacity": 1.0,
          "fillOpacity": 0.6,
          "radius": 10.962,
          "dashArray": null
        }
      }
    },
    {
      "type": "Feature",
      "geometry": {
        "coordinates": [
          2.835457,
          47.986388
        ],
        "type": "Point"
      },
      "properties": {
        "Caisse": "451",
        "Commune": "AMILLY",
        "Adresse": "RUE DES SARRADINS",
        "_qgis_class_val": "default",
        "_qgis_style": {
          "color": "#232323",
          "fillColor": "#e8718d",
          "weight": 1.0,
          "opacity": 1.0,
          "fillOpacity": 0.6,
          "radius": 10.962,
          "dashArray": null
        }
      }
    },
    {
      "type": "Feature",
      "geometry": {
        "coordinates": [
          2.064938,
          47.226128
        ],
        "type": "Point"
      },
      "properties": {
        "Caisse": "181",
        "Commune": "VIERZON",
        "Adresse": "RUE DU CAVALIER",
        "_qgis_class_val": "default",
        "_qgis_style": {
          "color": "#232323",
          "fillColor": "#e8718d",
          "weight": 1.0,
          "opacity": 1.0,
          "fillOpacity": 0.6,
          "radius": 10.962,
          "dashArray": null
        }
      }
    },
    {
      "type": "Feature",
      "geometry": {
        "coordinates": [
          1.985763,
          47.92054
        ],
        "type": "Point"
      },
      "properties": {
        "Caisse": "451",
        "Commune": "ST JEAN DE BRAYE",
        "Adresse": "AV DE VERDUN",
        "_qgis_class_val": "default",
        "_qgis_style": {
          "color": "#232323",
          "fillColor": "#e8718d",
          "weight": 1.0,
          "opacity": 1.0,
          "fillOpacity": 0.6,
          "radius": 10.962,
          "dashArray": null
        }
      }
    },
    {
      "type": "Feature",
      "geometry": {
        "coordinates": [
          0.724177,
          47.394882
        ],
        "type": "Point"
      },
      "properties": {
        "Caisse": "371",
        "Commune": "ST PIERRE DES CORPS",
        "Adresse": "RUE DE L AUBRIERE",
        "_qgis_class_val": "default",
        "_qgis_style": {
          "color": "#232323",
          "fillColor": "#e8718d",
          "weight": 1.0,
          "opacity": 1.0,
          "fillOpacity": 0.6,
          "radius": 10.962,
          "dashArray": null
        }
      }
    },
    {
      "type": "Feature",
      "geometry": {
        "coordinates": [
          1.341659,
          47.596204
        ],
        "type": "Point"
      },
      "properties": {
        "Caisse": "411",
        "Commune": "BLOIS",
        "Adresse": "AVE DU MARECHAL MAUNOURY",
        "_qgis_class_val": "default",
        "_qgis_style": {
          "color": "#232323",
          "fillColor": "#e8718d",
          "weight": 1.0,
          "opacity": 1.0,
          "fillOpacity": 0.6,
          "radius": 10.962,
          "dashArray": null
        }
      }
    },
    {
      "type": "Feature",
      "geometry": {
        "coordinates": [
          0.899235,
          47.588758
        ],
        "type": "Point"
      },
      "properties": {
        "Caisse": "371",
        "Commune": "BP 79",
        "Adresse": "LE CHATEAU",
        "_qgis_class_val": "default",
        "_qgis_style": {
          "color": "#232323",
          "fillColor": "#e8718d",
          "weight": 1.0,
          "opacity": 1.0,
          "fillOpacity": 0.6,
          "radius": 10.962,
          "dashArray": null
        }
      }
    },
    {
      "type": "Feature",
      "geometry": {
        "coordinates": [
          1.916322,
          47.829946
        ],
        "type": "Point"
      },
      "properties": {
        "Caisse": "451",
        "Commune": "BP 583",
        "Adresse": "AVE DE LA POMME DE PIN",
        "_qgis_class_val": "default",
        "_qgis_style": {
          "color": "#232323",
          "fillColor": "#e8718d",
          "weight": 1.0,
          "opacity": 1.0,
          "fillOpacity": 0.6,
          "radius": 10.962,
          "dashArray": null
        }
      }
    },
    {
      "type": "Feature",
      "geometry": {
        "coordinates": [
          0.734411,
          47.284536
        ],
        "type": "Point"
      },
      "properties": {
        "Caisse": "371",
        "Commune": "VEIGNE",
        "Adresse": "RUE DES VARENNES",
        "_qgis_class_val": "default",
        "_qgis_style": {
          "color": "#232323",
          "fillColor": "#e8718d",
          "weight": 1.0,
          "opacity": 1.0,
          "fillOpacity": 0.6,
          "radius": 10.962,
          "dashArray": null
        }
      }
    },
    {
      "type": "Feature",
      "geometry": {
        "coordinates": [
          1.940404,
          47.921121
        ],
        "type": "Point"
      },
      "properties": {
        "Caisse": "451",
        "Commune": "ORLEANS",
        "Adresse": "ALL DES ESPALIERS",
        "_qgis_class_val": "default",
        "_qgis_style": {
          "color": "#232323",
          "fillColor": "#e8718d",
          "weight": 1.0,
          "opacity": 1.0,
          "fillOpacity": 0.6,
          "radius": 10.962,
          "dashArray": null
        }
      }
    },
    {
      "type": "Feature",
      "geometry": {
        "coordinates": [
          2.058025,
          47.225575
        ],
        "type": "Point"
      },
      "properties": {
        "Caisse": "181",
        "Commune": "VIERZON",
        "Adresse": "RUE DE LA SOCIETE FRANCAISE",
        "_qgis_class_val": "default",
        "_qgis_style": {
          "color": "#232323",
          "fillColor": "#e8718d",
          "weight": 1.0,
          "opacity": 1.0,
          "fillOpacity": 0.6,
          "radius": 10.962,
          "dashArray": null
        }
      }
    },
    {
      "type": "Feature",
      "geometry": {
        "coordinates": [
          1.945173,
          47.944122
        ],
        "type": "Point"
      },
      "properties": {
        "Caisse": "451",
        "Commune": "BP 62016",
        "Adresse": "RTE DE CHANTEAU",
        "_qgis_class_val": "default",
        "_qgis_style": {
          "color": "#232323",
          "fillColor": "#e8718d",
          "weight": 1.0,
          "opacity": 1.0,
          "fillOpacity": 0.6,
          "radius": 10.962,
          "dashArray": null
        }
      }
    },
    {
      "type": "Feature",
      "geometry": {
        "coordinates": [
          1.714336,
          46.798217
        ],
        "type": "Point"
      },
      "properties": {
        "Caisse": "361",
        "Commune": "CHATEAUROUX",
        "Adresse": "RUE LOUIS SUARD",
        "_qgis_class_val": "default",
        "_qgis_style": {
          "color": "#232323",
          "fillColor": "#e8718d",
          "weight": 1.0,
          "opacity": 1.0,
          "fillOpacity": 0.6,
          "radius": 10.962,
          "dashArray": null
        }
      }
    },
    {
      "type": "Feature",
      "geometry": {
        "coordinates": [
          1.668449,
          46.805388
        ],
        "type": "Point"
      },
      "properties": {
        "Caisse": "361",
        "Commune": "CHATEAUROUX",
        "Adresse": "RUE DE CHATELLERAULT",
        "_qgis_class_val": "default",
        "_qgis_style": {
          "color": "#232323",
          "fillColor": "#e8718d",
          "weight": 1.0,
          "opacity": 1.0,
          "fillOpacity": 0.6,
          "radius": 10.962,
          "dashArray": null
        }
      }
    },
    {
      "type": "Feature",
      "geometry": {
        "coordinates": [
          1.968991,
          47.913633
        ],
        "type": "Point"
      },
      "properties": {
        "Caisse": "451",
        "Commune": "ST JEAN DE BRAYE",
        "Adresse": "ALL GEORGES BRASSENS",
        "_qgis_class_val": "default",
        "_qgis_style": {
          "color": "#232323",
          "fillColor": "#e8718d",
          "weight": 1.0,
          "opacity": 1.0,
          "fillOpacity": 0.6,
          "radius": 10.962,
          "dashArray": null
        }
      }
    },
    {
      "type": "Feature",
      "geometry": {
        "coordinates": [
          2.492301,
          47.097778
        ],
        "type": "Point"
      },
      "properties": {
        "Caisse": "181",
        "Commune": "ST GERMAIN DU PUY",
        "Adresse": "ALL ROGER VAILLANT",
        "_qgis_class_val": "default",
        "_qgis_style": {
          "color": "#232323",
          "fillColor": "#e8718d",
          "weight": 1.0,
          "opacity": 1.0,
          "fillOpacity": 0.6,
          "radius": 10.962,
          "dashArray": null
        }
      }
    },
    {
      "type": "Feature",
      "geometry": {
        "coordinates": [
          0.724041,
          47.396331
        ],
        "type": "Point"
      },
      "properties": {
        "Caisse": "371",
        "Commune": "ST PIERRE DES CORPS",
        "Adresse": "ALL DE L ERIDENCE",
        "_qgis_class_val": "default",
        "_qgis_style": {
          "color": "#232323",
          "fillColor": "#e8718d",
          "weight": 1.0,
          "opacity": 1.0,
          "fillOpacity": 0.6,
          "radius": 10.962,
          "dashArray": null
        }
      }
    },
    {
      "type": "Feature",
      "geometry": {
        "coordinates": [
          2.397485,
          47.063205
        ],
        "type": "Point"
      },
      "properties": {
        "Caisse": "181",
        "Commune": "BOURGES",
        "Adresse": "ALL D AVEIRO",
        "_qgis_class_val": "default",
        "_qgis_style": {
          "color": "#232323",
          "fillColor": "#e8718d",
          "weight": 1.0,
          "opacity": 1.0,
          "fillOpacity": 0.6,
          "radius": 10.962,
          "dashArray": null
        }
      }
    },
    {
      "type": "Feature",
      "geometry": {
        "coordinates": [
          2.762232,
          47.260324
        ],
        "type": "Point"
      },
      "properties": {
        "Caisse": "181",
        "Commune": "VEAUGUES",
        "Adresse": "LOT DES CHAMPS VERRIERS",
        "_qgis_class_val": "default",
        "_qgis_style": {
          "color": "#232323",
          "fillColor": "#e8718d",
          "weight": 1.0,
          "opacity": 1.0,
          "fillOpacity": 0.6,
          "radius": 10.962,
          "dashArray": null
        }
      }
    },
    {
      "type": "Feature",
      "geometry": {
        "coordinates": [
          0.696374,
          47.395417
        ],
        "type": "Point"
      },
      "properties": {
        "Caisse": "371",
        "Commune": "TOURS",
        "Adresse": "RUE MANCEAU",
        "_qgis_class_val": "default",
        "_qgis_style": {
          "color": "#232323",
          "fillColor": "#e8718d",
          "weight": 1.0,
          "opacity": 1.0,
          "fillOpacity": 0.6,
          "radius": 10.962,
          "dashArray": null
        }
      }
    },
    {
      "type": "Feature",
      "geometry": {
        "coordinates": [
          1.926123,
          47.918093
        ],
        "type": "Point"
      },
      "properties": {
        "Caisse": "451",
        "Commune": "ORLEANS",
        "Adresse": "AV DES DROITS DE L HOMME",
        "_qgis_class_val": "default",
        "_qgis_style": {
          "color": "#232323",
          "fillColor": "#e8718d",
          "weight": 1.0,
          "opacity": 1.0,
          "fillOpacity": 0.6,
          "radius": 10.962,
          "dashArray": null
        }
      }
    },
    {
      "type": "Feature",
      "geometry": {
        "coordinates": [
          2.649192,
          48.048793
        ],
        "type": "Point"
      },
      "properties": {
        "Caisse": "451",
        "Commune": "GONDREVILLE",
        "Adresse": "RUE DE LA GARE",
        "_qgis_class_val": "default",
        "_qgis_style": {
          "color": "#232323",
          "fillColor": "#e8718d",
          "weight": 1.0,
          "opacity": 1.0,
          "fillOpacity": 0.6,
          "radius": 10.962,
          "dashArray": null
        }
      }
    },
    {
      "type": "Feature",
      "geometry": {
        "coordinates": [
          2.028489,
          47.957294
        ],
        "type": "Point"
      },
      "properties": {
        "Caisse": "451",
        "Commune": "MARIGNY LES USAGES",
        "Adresse": "RUE DU CHAUMIER",
        "_qgis_class_val": "default",
        "_qgis_style": {
          "color": "#232323",
          "fillColor": "#e8718d",
          "weight": 1.0,
          "opacity": 1.0,
          "fillOpacity": 0.6,
          "radius": 10.962,
          "dashArray": null
        }
      }
    },
    {
      "type": "Feature",
      "geometry": {
        "coordinates": [
          2.26798,
          48.171006
        ],
        "type": "Point"
      },
      "properties": {
        "Caisse": "451",
        "Commune": "DADONVILLE",
        "Adresse": "RUE DE CHANTALOUP",
        "_qgis_class_val": "default",
        "_qgis_style": {
          "color": "#232323",
          "fillColor": "#e8718d",
          "weight": 1.0,
          "opacity": 1.0,
          "fillOpacity": 0.6,
          "radius": 10.962,
          "dashArray": null
        }
      }
    },
    {
      "type": "Feature",
      "geometry": {
        "coordinates": [
          0.708322,
          47.436668
        ],
        "type": "Point"
      },
      "properties": {
        "Caisse": "371",
        "Commune": "TOURS CEDEX 2",
        "Adresse": "ALL DU COMMANDANT MOUCHOTTE",
        "_qgis_class_val": "default",
        "_qgis_style": {
          "color": "#232323",
          "fillColor": "#e8718d",
          "weight": 1.0,
          "opacity": 1.0,
          "fillOpacity": 0.6,
          "radius": 10.962,
          "dashArray": null
        }
      }
    },
    {
      "type": "Feature",
      "geometry": {
        "coordinates": [
          1.859573,
          46.888705
        ],
        "type": "Point"
      },
      "properties": {
        "Caisse": "361",
        "Commune": "NEUVY PAILLOUX",
        "Adresse": "RUE DES EGLANTINES",
        "_qgis_class_val": "default",
        "_qgis_style": {
          "color": "#232323",
          "fillColor": "#e8718d",
          "weight": 1.0,
          "opacity": 1.0,
          "fillOpacity": 0.6,
          "radius": 10.962,
          "dashArray": null
        }
      }
    },
    {
      "type": "Feature",
      "geometry": {
        "coordinates": [
          2.789189,
          48.137061
        ],
        "type": "Point"
      },
      "properties": {
        "Caisse": "451",
        "Commune": "FERRIERES EN GATINAIS",
        "Adresse": "RUE DES VIOLETTES",
        "_qgis_class_val": "default",
        "_qgis_style": {
          "color": "#232323",
          "fillColor": "#e8718d",
          "weight": 1.0,
          "opacity": 1.0,
          "fillOpacity": 0.6,
          "radius": 10.962,
          "dashArray": null
        }
      }
    },
    {
      "type": "Feature",
      "geometry": {
        "coordinates": [
          2.996293,
          48.055026
        ],
        "type": "Point"
      },
      "properties": {
        "Caisse": "451",
        "Commune": "ST HILAIRE LES ANDRESIS",
        "Adresse": "DOM DE MONTALAN",
        "_qgis_class_val": "default",
        "_qgis_style": {
          "color": "#232323",
          "fillColor": "#e8718d",
          "weight": 1.0,
          "opacity": 1.0,
          "fillOpacity": 0.6,
          "radius": 10.962,
          "dashArray": null
        }
      }
    },
    {
      "type": "Feature",
      "geometry": {
        "coordinates": [
          2.359807,
          47.063079
        ],
        "type": "Point"
      },
      "properties": {
        "Caisse": "181",
        "Commune": "BOURGES",
        "Adresse": "CHE DE VILLENEUVE",
        "_qgis_class_val": "default",
        "_qgis_style": {
          "color": "#232323",
          "fillColor": "#e8718d",
          "weight": 1.0,
          "opacity": 1.0,
          "fillOpacity": 0.6,
          "radius": 10.962,
          "dashArray": null
        }
      }
    },
    {
      "type": "Feature",
      "geometry": {
        "coordinates": [
          1.917399,
          47.908831
        ],
        "type": "Point"
      },
      "properties": {
        "Caisse": "451",
        "Commune": "ORLEANS",
        "Adresse": "VEN DE LA CLEMENCE",
        "_qgis_class_val": "default",
        "_qgis_style": {
          "color": "#232323",
          "fillColor": "#e8718d",
          "weight": 1.0,
          "opacity": 1.0,
          "fillOpacity": 0.6,
          "radius": 10.962,
          "dashArray": null
        }
      }
    },
    {
      "type": "Feature",
      "geometry": {
        "coordinates": [
          0.657857,
          47.388034
        ],
        "type": "Point"
      },
      "properties": {
        "Caisse": "371",
        "Commune": "BP 30102",
        "Adresse": "PL DU MARECHAL LECLERC",
        "_qgis_class_val": "default",
        "_qgis_style": {
          "color": "#232323",
          "fillColor": "#e8718d",
          "weight": 1.0,
          "opacity": 1.0,
          "fillOpacity": 0.6,
          "radius": 10.962,
          "dashArray": null
        }
      }
    },
    {
      "type": "Feature",
      "geometry": {
        "coordinates": [
          1.929733,
          47.911705
        ],
        "type": "Point"
      },
      "properties": {
        "Caisse": "451",
        "Commune": "CS 75719",
        "Adresse": "RUE JEAN PHILIPPE RAMEAU",
        "_qgis_class_val": "default",
        "_qgis_style": {
          "color": "#232323",
          "fillColor": "#e8718d",
          "weight": 1.0,
          "opacity": 1.0,
          "fillOpacity": 0.6,
          "radius": 10.962,
          "dashArray": null
        }
      }
    },
    {
      "type": "Feature",
      "geometry": {
        "coordinates": [
          0.670394,
          47.382539
        ],
        "type": "Point"
      },
      "properties": {
        "Caisse": "371",
        "Commune": "TOURS CEDEX 9",
        "Adresse": "RUE DE BEAUMONT",
        "_qgis_class_val": "default",
        "_qgis_style": {
          "color": "#232323",
          "fillColor": "#e8718d",
          "weight": 1.0,
          "opacity": 1.0,
          "fillOpacity": 0.6,
          "radius": 10.962,
          "dashArray": null
        }
      }
    },
    {
      "type": "Feature",
      "geometry": {
        "coordinates": [
          0.662425,
          47.342015
        ],
        "type": "Point"
      },
      "properties": {
        "Caisse": "371",
        "Commune": "JOUE LES TOURS",
        "Adresse": "RUE CHARLES GARNIER",
        "_qgis_class_val": "default",
        "_qgis_style": {
          "color": "#232323",
          "fillColor": "#e8718d",
          "weight": 1.0,
          "opacity": 1.0,
          "fillOpacity": 0.6,
          "radius": 10.962,
          "dashArray": null
        }
      }
    },
    {
      "type": "Feature",
      "geometry": {
        "coordinates": [
          1.945493,
          47.906067
        ],
        "type": "Point"
      },
      "properties": {
        "Caisse": "451",
        "Commune": "ST JEAN DE BRAYE",
        "Adresse": "RUE DES HAUTS DE SAINT LOUP",
        "_qgis_class_val": "default",
        "_qgis_style": {
          "color": "#232323",
          "fillColor": "#e8718d",
          "weight": 1.0,
          "opacity": 1.0,
          "fillOpacity": 0.6,
          "radius": 10.962,
          "dashArray": null
        }
      }
    },
    {
      "type": "Feature",
      "geometry": {
        "coordinates": [
          1.869663,
          47.881949
        ],
        "type": "Point"
      },
      "properties": {
        "Caisse": "451",
        "Commune": "ST PRYVE ST MESMIN",
        "Adresse": "RTE DE SAINT MESMIN",
        "_qgis_class_val": "default",
        "_qgis_style": {
          "color": "#232323",
          "fillColor": "#e8718d",
          "weight": 1.0,
          "opacity": 1.0,
          "fillOpacity": 0.6,
          "radius": 10.962,
          "dashArray": null
        }
      }
    },
    {
      "type": "Feature",
      "geometry": {
        "coordinates": [
          1.040843,
          48.610114
        ],
        "type": "Point"
      },
      "properties": {
        "Caisse": "281",
        "Commune": "LOUVILLIERS LES PERCHE",
        "Adresse": "LD LE PARADIS",
        "_qgis_class_val": "default",
        "_qgis_style": {
          "color": "#232323",
          "fillColor": "#e8718d",
          "weight": 1.0,
          "opacity": 1.0,
          "fillOpacity": 0.6,
          "radius": 10.962,
          "dashArray": null
        }
      }
    },
    {
      "type": "Feature",
      "geometry": {
        "coordinates": [
          1.821812,
          47.91853
        ],
        "type": "Point"
      },
      "properties": {
        "Caisse": "451",
        "Commune": "INGRE",
        "Adresse": "RUE G ANTHONIOZ DE GAULLE",
        "_qgis_class_val": "default",
        "_qgis_style": {
          "color": "#232323",
          "fillColor": "#e8718d",
          "weight": 1.0,
          "opacity": 1.0,
          "fillOpacity": 0.6,
          "radius": 10.962,
          "dashArray": null
        }
      }
    },
    {
      "type": "Feature",
      "geometry": {
        "coordinates": [
          1.93779,
          47.837166
        ],
        "type": "Point"
      },
      "properties": {
        "Caisse": "451",
        "Commune": "ORLEANS",
        "Adresse": "PL VOLTAIRE",
        "_qgis_class_val": "default",
        "_qgis_style": {
          "color": "#232323",
          "fillColor": "#e8718d",
          "weight": 1.0,
          "opacity": 1.0,
          "fillOpacity": 0.6,
          "radius": 10.962,
          "dashArray": null
        }
      }
    },
    {
      "type": "Feature",
      "geometry": {
        "coordinates": [
          1.333297,
          47.588684
        ],
        "type": "Point"
      },
      "properties": {
        "Caisse": "411",
        "Commune": "BP 49520",
        "Adresse": "RUE DES CORDELIERS",
        "_qgis_class_val": "default",
        "_qgis_style": {
          "color": "#232323",
          "fillColor": "#e8718d",
          "weight": 1.0,
          "opacity": 1.0,
          "fillOpacity": 0.6,
          "radius": 10.962,
          "dashArray": null
        }
      }
    },
    {
      "type": "Feature",
      "geometry": {
        "coordinates": [
          1.364098,
          48.73068
        ],
        "type": "Point"
      },
      "properties": {
        "Caisse": "281",
        "Commune": "CS 11146",
        "Adresse": "RUE DE VERNOUILLET",
        "_qgis_class_val": "default",
        "_qgis_style": {
          "color": "#232323",
          "fillColor": "#e8718d",
          "weight": 1.0,
          "opacity": 1.0,
          "fillOpacity": 0.6,
          "radius": 10.962,
          "dashArray": null
        }
      }
    },
    {
      "type": "Feature",
      "geometry": {
        "coordinates": [
          1.021255,
          48.476358
        ],
        "type": "Point"
      },
      "properties": {
        "Caisse": "281",
        "Commune": "LA LOUPE",
        "Adresse": "AVE DU THYMERAIS",
        "_qgis_class_val": "default",
        "_qgis_style": {
          "color": "#232323",
          "fillColor": "#e8718d",
          "weight": 1.0,
          "opacity": 1.0,
          "fillOpacity": 0.6,
          "radius": 10.962,
          "dashArray": null
        }
      }
    },
    {
      "type": "Feature",
      "geometry": {
        "coordinates": [
          2.38778,
          47.086007
        ],
        "type": "Point"
      },
      "properties": {
        "Caisse": "181",
        "Commune": "BOURGES",
        "Adresse": "RUE JEAN CHAUMEAU",
        "_qgis_class_val": "default",
        "_qgis_style": {
          "color": "#232323",
          "fillColor": "#e8718d",
          "weight": 1.0,
          "opacity": 1.0,
          "fillOpacity": 0.6,
          "radius": 10.962,
          "dashArray": null
        }
      }
    },
    {
      "type": "Feature",
      "geometry": {
        "coordinates": [
          2.836212,
          47.967082
        ],
        "type": "Point"
      },
      "properties": {
        "Caisse": "451",
        "Commune": "ST GERMAIN DES PRES",
        "Adresse": "",
        "_qgis_class_val": "default",
        "_qgis_style": {
          "color": "#232323",
          "fillColor": "#e8718d",
          "weight": 1.0,
          "opacity": 1.0,
          "fillOpacity": 0.6,
          "radius": 10.962,
          "dashArray": null
        }
      }
    },
    {
      "type": "Feature",
      "geometry": {
        "coordinates": [
          1.9086066,
          47.9027336
        ],
        "type": "Point"
      },
      "properties": {
        "Caisse": "451",
        "Commune": "BP 76040",
        "Adresse": "",
        "_qgis_class_val": "default",
        "_qgis_style": {
          "color": "#232323",
          "fillColor": "#e8718d",
          "weight": 1.0,
          "opacity": 1.0,
          "fillOpacity": 0.6,
          "radius": 10.962,
          "dashArray": null
        }
      }
    },
    {
      "type": "Feature",
      "geometry": {
        "coordinates": [
          1.3684254,
          48.7358807
        ],
        "type": "Point"
      },
      "properties": {
        "Caisse": "281",
        "Commune": "BP 30009",
        "Adresse": "",
        "_qgis_class_val": "default",
        "_qgis_style": {
          "color": "#232323",
          "fillColor": "#e8718d",
          "weight": 1.0,
          "opacity": 1.0,
          "fillOpacity": 0.6,
          "radius": 10.962,
          "dashArray": null
        }
      }
    },
    {
      "type": "Feature",
      "geometry": {
        "coordinates": [
          1.4881434,
          48.4438601
        ],
        "type": "Point"
      },
      "properties": {
        "Caisse": "281",
        "Commune": "CS 31039",
        "Adresse": "",
        "_qgis_class_val": "default",
        "_qgis_style": {
          "color": "#232323",
          "fillColor": "#e8718d",
          "weight": 1.0,
          "opacity": 1.0,
          "fillOpacity": 0.6,
          "radius": 10.962,
          "dashArray": null
        }
      }
    },
    {
      "type": "Feature",
      "geometry": {
        "coordinates": [
          1.095736,
          46.828849
        ],
        "type": "Point"
      },
      "properties": {
        "Caisse": "361",
        "Commune": "BP 17",
        "Adresse": "",
        "_qgis_class_val": "default",
        "_qgis_style": {
          "color": "#232323",
          "fillColor": "#e8718d",
          "weight": 1.0,
          "opacity": 1.0,
          "fillOpacity": 0.6,
          "radius": 10.962,
          "dashArray": null
        }
      }
    },
    {
      "type": "Feature",
      "geometry": {
        "coordinates": [
          1.4881434,
          48.4438601
        ],
        "type": "Point"
      },
      "properties": {
        "Caisse": "281",
        "Commune": "CS 31039",
        "Adresse": "",
        "_qgis_class_val": "default",
        "_qgis_style": {
          "color": "#232323",
          "fillColor": "#e8718d",
          "weight": 1.0,
          "opacity": 1.0,
          "fillOpacity": 0.6,
          "radius": 10.962,
          "dashArray": null
        }
      }
    },
    {
      "type": "Feature",
      "geometry": {
        "coordinates": [
          1.4881434,
          48.4438601
        ],
        "type": "Point"
      },
      "properties": {
        "Caisse": "281",
        "Commune": "CS 31039",
        "Adresse": "",
        "_qgis_class_val": "default",
        "_qgis_style": {
          "color": "#232323",
          "fillColor": "#e8718d",
          "weight": 1.0,
          "opacity": 1.0,
          "fillOpacity": 0.6,
          "radius": 10.962,
          "dashArray": null
        }
      }
    },
    {
      "type": "Feature",
      "geometry": {
        "coordinates": [
          1.9086066,
          47.9027336
        ],
        "type": "Point"
      },
      "properties": {
        "Caisse": "451",
        "Commune": "BP 82023",
        "Adresse": "PHYDELIA MJPM",
        "_qgis_class_val": "default",
        "_qgis_style": {
          "color": "#232323",
          "fillColor": "#e8718d",
          "weight": 1.0,
          "opacity": 1.0,
          "fillOpacity": 0.6,
          "radius": 10.962,
          "dashArray": null
        }
      }
    },
    {
      "type": "Feature",
      "geometry": {
        "coordinates": [
          1.3337639,
          47.5876861
        ],
        "type": "Point"
      },
      "properties": {
        "Caisse": "411",
        "Commune": "BP 40801",
        "Adresse": "CHEZ PLOUHINEC MELANIE",
        "_qgis_class_val": "default",
        "_qgis_style": {
          "color": "#232323",
          "fillColor": "#e8718d",
          "weight": 1.0,
          "opacity": 1.0,
          "fillOpacity": 0.6,
          "radius": 10.962,
          "dashArray": null
        }
      }
    },
    {
      "type": "Feature",
      "geometry": {
        "coordinates": [
          1.4881434,
          48.4438601
        ],
        "type": "Point"
      },
      "properties": {
        "Caisse": "281",
        "Commune": "CS 31039",
        "Adresse": "ATEL",
        "_qgis_class_val": "default",
        "_qgis_style": {
          "color": "#232323",
          "fillColor": "#e8718d",
          "weight": 1.0,
          "opacity": 1.0,
          "fillOpacity": 0.6,
          "radius": 10.962,
          "dashArray": null
        }
      }
    },
    {
      "type": "Feature",
      "geometry": {
        "coordinates": [
          1.698291,
          48.04266
        ],
        "type": "Point"
      },
      "properties": {
        "Caisse": "451",
        "Commune": "BP 7",
        "Adresse": "CZ MME LAURA BARBEON MJP",
        "_qgis_class_val": "default",
        "_qgis_style": {
          "color": "#232323",
          "fillColor": "#e8718d",
          "weight": 1.0,
          "opacity": 1.0,
          "fillOpacity": 0.6,
          "radius": 10.962,
          "dashArray": null
        }
      }
    },
    {
      "type": "Feature",
      "geometry": {
        "coordinates": [
          1.822654,
          47.918826
        ],
        "type": "Point"
      },
      "properties": {
        "Caisse": "451",
        "Commune": "BP 27",
        "Adresse": "SS CVT MME DAVID",
        "_qgis_class_val": "default",
        "_qgis_style": {
          "color": "#232323",
          "fillColor": "#e8718d",
          "weight": 1.0,
          "opacity": 1.0,
          "fillOpacity": 0.6,
          "radius": 10.962,
          "dashArray": null
        }
      }
    },
    {
      "type": "Feature",
      "geometry": {
        "coordinates": [
          1.4881434,
          48.4438601
        ],
        "type": "Point"
      },
      "properties": {
        "Caisse": "281",
        "Commune": "CS 31039",
        "Adresse": "ATEL",
        "_qgis_class_val": "default",
        "_qgis_style": {
          "color": "#232323",
          "fillColor": "#e8718d",
          "weight": 1.0,
          "opacity": 1.0,
          "fillOpacity": 0.6,
          "radius": 10.962,
          "dashArray": null
        }
      }
    },
    {
      "type": "Feature",
      "geometry": {
        "coordinates": [
          1.597491,
          48.416791
        ],
        "type": "Point"
      },
      "properties": {
        "Caisse": "281",
        "Commune": "CS 31039",
        "Adresse": "ATEL",
        "_qgis_class_val": "default",
        "_qgis_style": {
          "color": "#232323",
          "fillColor": "#e8718d",
          "weight": 1.0,
          "opacity": 1.0,
          "fillOpacity": 0.6,
          "radius": 10.962,
          "dashArray": null
        }
      }
    },
    {
      "type": "Feature",
      "geometry": {
        "coordinates": [
          1.4881434,
          48.4438601
        ],
        "type": "Point"
      },
      "properties": {
        "Caisse": "281",
        "Commune": "CS 31039",
        "Adresse": "ATEL",
        "_qgis_class_val": "default",
        "_qgis_style": {
          "color": "#232323",
          "fillColor": "#e8718d",
          "weight": 1.0,
          "opacity": 1.0,
          "fillOpacity": 0.6,
          "radius": 10.962,
          "dashArray": null
        }
      }
    },
    {
      "type": "Feature",
      "geometry": {
        "coordinates": [
          1.4881434,
          48.4438601
        ],
        "type": "Point"
      },
      "properties": {
        "Caisse": "281",
        "Commune": "CS 31039",
        "Adresse": "ATEL",
        "_qgis_class_val": "default",
        "_qgis_style": {
          "color": "#232323",
          "fillColor": "#e8718d",
          "weight": 1.0,
          "opacity": 1.0,
          "fillOpacity": 0.6,
          "radius": 10.962,
          "dashArray": null
        }
      }
    }
  ]
}